campaign_id,report_date,impressions,clicks,ctr,spend_thb,currency,conversions_reported,platform,utm_source,notes,is_billing_adjustment,is_tracking_anomaly
SUMMER_PROMO_2024_TH,2024-06-06,884889,28617,3.23,36119.69,THB,17,LINE,newsletter,,False,False
SUMMER_PROMO_2024_TH,2024-06-06,0,0,0.0,-6366.18,THB,0,LINE,,billing adjustment,True,False
SUMMER_PROMO_2024_TH,2024-06-06,826350,22043,2.67,33260.23,THB,19,Facebook,,backfilled,False,False
SUMMER_PROMO_2024_TH,2024-06-07,601046,10386,1.73,32496.48,THB,16,LINE,,,False,False
SUMMER_PROMO_2024_TH,2024-06-07,725203,22848,3.15,32911.07,THB,22,Facebook,,,False,False
SUMMER_PROMO_2024_TH,2024-06-08,677559,19741,2.91,37066.3,THB,17,LINE,,backfilled,False,False
SUMMER_PROMO_2024_TH,2024-06-08,698673,21270,3.04,39418.98,THB,14,Facebook,affiliate,manual adjustment,False,False
SUMMER_PROMO_2024_TH,2024-06-09,922212,17882,1.94,39056.39,THB,23,LINE,affiliate,backfilled,False,False
SUMMER_PROMO_2024_TH,2024-06-09,723155,10752,1.49,42152.91,THB,21,Facebook,,,False,False
SUMMER_PROMO_2024_TH,2024-06-10,838183,18387,2.19,37573.14,THB,21,LINE,,,False,False
SUMMER_PROMO_2024_TH,2024-06-10,901882,12820,1.42,45676.13,THB,16,Facebook,affiliate,manual adjustment,False,False
SUMMER_PROMO_2024_TH,2024-06-11,842127,23792,2.83,36011.31,THB,14,LINE,,,False,False
SUMMER_PROMO_2024_TH,2024-06-11,1164315,37566,3.23,52800.95,THB,19,Facebook,,,False,False
SUMMER_PROMO_2024_TH,2024-06-12,860466,27911,3.24,41019.38,THB,15,LINE,newsletter,backfilled,False,False
SUMMER_PROMO_2024_TH,2024-06-12,498763,7981,1.6,32678.49,THB,20,Facebook,,,False,False
SUMMER_PROMO_2024_TH,2024-06-13,660441,17478,2.65,31476.23,THB,25,LINE,,,False,False
SUMMER_PROMO_2024_TH,2024-06-13,905447,9798,1.08,40213.91,THB,19,Facebook,,manual adjustment,False,False
SUMMER_PROMO_2024_TH,2024-06-14,776739,10113,1.3,36243.02,THB,19,LINE,,,False,False
SUMMER_PROMO_2024_TH,2024-06-14,631438,22956,3.64,41516.25,THB,23,Facebook,,backfilled,False,False
SUMMER_PROMO_2024_TH,2024-06-15,839984,28043,3.34,40161.96,THB,20,LINE,,,False,False
SUMMER_PROMO_2024_TH,2024-06-15,657021,10533,1.6,37090.34,THB,22,Facebook,,manual adjustment,False,False
SUMMER_PROMO_2024_TH,2024-06-16,494746,11341,2.29,32736.79,THB,23,LINE,,manual adjustment,False,False
SUMMER_PROMO_2024_TH,2024-06-16,670820,14943,2.23,28978.98,THB,28,Facebook,newsletter,manual adjustment,False,False
SUMMER_PROMO_2024_TH,2024-06-17,866195,21771,2.51,34988.35,THB,11,LINE,affiliate,backfilled,False,False
SUMMER_PROMO_2024_TH,2024-06-17,928257,10787,1.16,42317.24,THB,10,Facebook,,manual adjustment,False,False
SUMMER_PROMO_2024_TH,2024-06-18,691788,16646,2.41,38704.28,THB,19,LINE,,,False,False
SUMMER_PROMO_2024_TH,2024-06-18,752370,29249,3.89,30492.72,THB,16,Facebook,,,False,False
SUMMER_PROMO_2024_TH,2024-06-19,641922,7596,1.18,38474.14,THB,26,LINE,,,False,False
SUMMER_PROMO_2024_TH,2024-06-19,986537,21507,2.18,39667.41,THB,21,Facebook,,backfilled,False,False
SUMMER_PROMO_2024_TH,2024-06-20,620622,8619,1.39,32528.3,THB,23,LINE,newsletter,,False,False
SUMMER_PROMO_2024_TH,2024-06-20,842595,15268,1.81,38364.7,THB,18,Facebook,affiliate,,False,False
SUMMER_PROMO_2024_TH,2024-06-21,620030,23713,3.82,37827.42,THB,26,LINE,,,False,False
SUMMER_PROMO_2024_TH,2024-06-21,719504,19712,2.74,31070.79,THB,25,Facebook,,,False,False
SUMMER_PROMO_2024_TH,2024-06-22,802718,22955,2.86,39512.55,THB,21,LINE,affiliate,,False,False
SUMMER_PROMO_2024_TH,2024-06-22,615453,19519,3.17,40654.41,THB,25,Facebook,newsletter,,False,False
SUMMER_PROMO_2024_TH,2024-06-23,840606,32094,3.82,43592.16,THB,11,LINE,newsletter,,False,False
SUMMER_PROMO_2024_TH,2024-06-23,828779,21482,2.59,43427.64,THB,13,Facebook,,,False,False
SUMMER_PROMO_2024_TH,2024-06-24,700067,13016,1.86,29750.61,THB,16,LINE,,backfilled,False,False
SUMMER_PROMO_2024_TH,2024-06-24,625059,22948,3.67,32224.73,THB,13,Facebook,,,False,False
SUMMER_PROMO_2024_TH,2024-06-25,782150,25698,3.29,40397.07,THB,19,LINE,affiliate,,False,False
SUMMER_PROMO_2024_TH,2024-06-25,660736,10833,1.64,40390.05,THB,22,Facebook,,manual adjustment,False,False
SUMMER_PROMO_2024_TH,2024-06-26,980643,10574,1.08,40397.14,THB,15,LINE,,,False,False
SUMMER_PROMO_2024_TH,2024-06-26,1035979,17244,1.66,59171.61,THB,20,Facebook,newsletter,,False,False
SUMMER_PROMO_2024_TH,2024-06-27,868493,33015,3.8,40711.26,THB,19,LINE,,,False,False
SUMMER_PROMO_2024_TH,2024-06-27,949583,14031,1.48,43887.56,THB,15,Facebook,,backfilled,False,False
SUMMER_PROMO_2024_TH,2024-06-28,702830,7725,1.1,42866.26,THB,14,LINE,newsletter,backfilled,False,False
SUMMER_PROMO_2024_TH,2024-06-28,704765,27231,3.86,41164.08,THB,18,Facebook,newsletter,,False,False
SUMMER_PROMO_2024_TH,2024-06-29,569442,12683,2.23,35726.61,THB,22,LINE,newsletter,backfilled,False,False
SUMMER_PROMO_2024_TH,2024-06-29,929619,29049,3.12,41769.2,THB,22,Facebook,,,False,False
SUMMER_PROMO_2024_TH,2024-06-30,717999,23883,3.33,33152.86,THB,23,LINE,,,False,False
SUMMER_PROMO_2024_TH,2024-06-30,716871,21959,3.06,36167.9,THB,16,Facebook,,,False,False
SUMMER_PROMO_2024_TH,2024-07-01,624431,21189,3.39,34769.83,THB,16,LINE,,manual adjustment,False,False
SUMMER_PROMO_2024_TH,2024-07-01,758375,27972,3.69,37960.54,THB,18,Facebook,,manual adjustment,False,False
SUMMER_PROMO_2024_TH,2024-07-02,1052991,12192,1.16,50519.95,THB,19,LINE,affiliate,backfilled,False,False
SUMMER_PROMO_2024_TH,2024-07-02,628545,16527,2.63,26996.63,THB,19,Facebook,,manual adjustment,False,False
SUMMER_PROMO_2024_TH,2024-07-03,1013457,14672,1.45,41360.340000000004,THB,20,LINE,affiliate,,False,False
SUMMER_PROMO_2024_TH,2024-07-03,438756,13009,2.96,28428.47,THB,21,Facebook,,backfilled,False,False
SUMMER_PROMO_2024_TH,2024-07-04,636904,19744,3.1,34845.38,THB,17,LINE,affiliate,,False,False
SUMMER_PROMO_2024_TH,2024-07-04,0,31,,6291.85,THB,0,LINE,,tracking anomaly,False,True
SUMMER_PROMO_2024_TH,2024-07-04,957039,11296,1.18,43625.35,THB,19,Facebook,newsletter,,False,False
SUMMER_PROMO_2024_TH,2024-07-05,808746,28745,3.55,37861.58,THB,14,LINE,,backfilled,False,False
SUMMER_PROMO_2024_TH,2024-07-05,604524,16338,2.7,31437.69,THB,18,Facebook,,backfilled,False,False
BACK_TO_SCHOOL_2024,2024-07-01,402463,4091,1.02,26781.13,THB,25,LINE,,,False,False
BACK_TO_SCHOOL_2024,2024-07-01,622585,11095,1.78,33058.19,THB,27,Google,newsletter,,False,False
BACK_TO_SCHOOL_2024,2024-07-02,557226,13076,2.35,26713.35,THB,14,LINE,affiliate,backfilled,False,False
BACK_TO_SCHOOL_2024,2024-07-02,504672,16330,3.24,30974.06,THB,15,Google,,,False,False
BACK_TO_SCHOOL_2024,2024-07-03,749423,18364,2.45,30205.07,THB,21,LINE,,,False,False
BACK_TO_SCHOOL_2024,2024-07-03,477041,10053,2.11,27067.8,THB,18,Google,affiliate,,False,False
BACK_TO_SCHOOL_2024,2024-07-04,677534,21048,3.11,39647.75,THB,13,LINE,newsletter,,False,False
BACK_TO_SCHOOL_2024,2024-07-04,626781,8626,1.38,32852.64,THB,14,Google,,,False,False
BACK_TO_SCHOOL_2024,2024-07-05,395998,6391,1.61,20886.760000000002,THB,14,LINE,affiliate,,False,False
BACK_TO_SCHOOL_2024,2024-07-05,592349,16755,2.83,30839.04,THB,13,Google,affiliate,,False,False
BACK_TO_SCHOOL_2024,2024-07-06,531500,16131,3.03,27021.96,THB,25,LINE,,,False,False
BACK_TO_SCHOOL_2024,2024-07-06,718001,17971,2.5,33835.95,THB,20,Google,,,False,False
BACK_TO_SCHOOL_2024,2024-07-07,556411,13305,2.39,26433.66,THB,23,LINE,,,False,False
BACK_TO_SCHOOL_2024,2024-07-07,507051,14828,2.92,29483.69,THB,28,Google,,,False,False
BACK_TO_SCHOOL_2024,2024-07-08,604376,10580,1.75,32272.44,THB,14,LINE,,,False,False
BACK_TO_SCHOOL_2024,2024-07-08,823888,8290,1.01,33895.9,THB,18,Google,affiliate,,False,False
BACK_TO_SCHOOL_2024,2024-07-09,493549,14020,2.84,24598.67,THB,17,LINE,newsletter,,False,False
BACK_TO_SCHOOL_2024,2024-07-09,459500,13511,2.94,28494.74,THB,22,Google,,,False,False
BACK_TO_SCHOOL_2024,2024-07-10,514205,16657,3.24,27862.75,THB,28,LINE,,backfilled,False,False
BACK_TO_SCHOOL_2024,2024-07-10,536834,9178,1.71,27060.02,THB,24,Google,newsletter,,False,False
BACK_TO_SCHOOL_2024,2024-07-11,877405,23846,2.72,37944.54,THB,19,LINE,,manual adjustment,False,False
BACK_TO_SCHOOL_2024,2024-07-11,516873,11292,2.18,31822.42,THB,22,Google,affiliate,,False,False
BACK_TO_SCHOOL_2024,2024-07-12,504082,12040,2.39,24326.02,THB,15,LINE,,,False,False
BACK_TO_SCHOOL_2024,2024-07-12,727389,26761,3.68,34130.38,THB,17,Google,,,False,False
BACK_TO_SCHOOL_2024,2024-07-13,687270,23234,3.38,39549.7,THB,25,LINE,,,False,False
BACK_TO_SCHOOL_2024,2024-07-13,602676,18299,3.04,34646.09,THB,25,Google,newsletter,,False,False
BACK_TO_SCHOOL_2024,2024-07-14,451645,11815,2.62,23162.84,THB,23,LINE,affiliate,manual adjustment,False,False
BACK_TO_SCHOOL_2024,2024-07-14,460989,17376,3.77,27820.95,THB,18,Google,,,False,False
BACK_TO_SCHOOL_2024,2024-07-15,793250,30997,3.91,35701.1,THB,19,LINE,affiliate,backfilled,False,False
BACK_TO_SCHOOL_2024,2024-07-15,658233,13208,2.01,26815.49,THB,24,Google,newsletter,manual adjustment,False,False
BACK_TO_SCHOOL_2024,2024-07-16,510357,10371,2.03,31997.19,THB,19,LINE,affiliate,,False,False
BACK_TO_SCHOOL_2024,2024-07-16,752010,29650,3.94,33485.85,THB,20,Google,,,False,False
BACK_TO_SCHOOL_2024,2024-07-17,484312,15490,3.2,25828.81,THB,24,LINE,,manual adjustment,False,False
BACK_TO_SCHOOL_2024,2024-07-17,503288,10064,2.0,29732.14,THB,31,Google,affiliate,manual adjustment,False,False
BACK_TO_SCHOOL_2024,2024-07-18,232494,2984,1.28,15414.3,THB,18,LINE,,,False,False
BACK_TO_SCHOOL_2024,2024-07-18,419270,13282,3.17,25390.26,THB,18,Google,newsletter,backfilled,False,False
BACK_TO_SCHOOL_2024,2024-07-19,686409,25273,3.68,28863.44,THB,26,LINE,newsletter,manual adjustment,False,False
BACK_TO_SCHOOL_2024,2024-07-19,463679,17627,3.8,24384.98,THB,22,Google,affiliate,backfilled,False,False
BACK_TO_SCHOOL_2024,2024-07-19,0,0,0.0,-4280.81,THB,0,Google,,billing adjustment,True,False
BACK_TO_SCHOOL_2024,2024-07-20,884221,9687,1.1,37345.705,THB,27,LINE,,,False,False
BACK_TO_SCHOOL_2024,2024-07-20,358367,11545,3.22,23564.36,THB,26,Google,,,False,False
BACK_TO_SCHOOL_2024,2024-07-21,636705,7243,1.14,28019.8,THB,19,LINE,affiliate,,False,False
BACK_TO_SCHOOL_2024,2024-07-21,705516,8222,1.17,30588.33,THB,21,Google,,,False,False
BACK_TO_SCHOOL_2024,2024-07-23,885473,24554,2.77,36485.73,THB,19,LINE,newsletter,manual adjustment,False,False
BACK_TO_SCHOOL_2024,2024-07-23,495195,11705,2.36,23538.62,THB,25,Google,,,False,False
BACK_TO_SCHOOL_2024,2024-07-24,762425,22133,2.9,35234.24,THB,11,LINE,,,False,False
BACK_TO_SCHOOL_2024,2024-07-24,500542,12948,2.59,30046.05,THB,17,Google,,,False,False
BACK_TO_SCHOOL_2024,2024-07-25,458501,9070,1.98,25583.21,THB,18,LINE,newsletter,backfilled,False,False
BACK_TO_SCHOOL_2024,2024-07-25,734086,27037,3.68,32079.47,THB,16,Google,,,False,False
BACK_TO_SCHOOL_2024,2024-07-26,474009,17488,3.69,30895.77,THB,17,LINE,,,False,False
BACK_TO_SCHOOL_2024,2024-07-26,656425,22065,3.36,27299.02,THB,19,Google,,,False,False
BACK_TO_SCHOOL_2024,2024-07-27,570458,6100,1.07,30314.11,THB,19,LINE,,,False,False
BACK_TO_SCHOOL_2024,2024-07-27,434743,10847,2.5,28266.09,THB,18,Google,newsletter,backfilled,False,False
BACK_TO_SCHOOL_2024,2024-07-28,466776,11101,2.38,30510.715,THB,17,LINE,,,False,False
BACK_TO_SCHOOL_2024,2024-07-28,824427,10365,1.26,32979.59,THB,13,Google,,backfilled,False,False
BACK_TO_SCHOOL_2024,2024-07-29,901894,26927,2.99,37137.08,THB,18,LINE,,backfilled,False,False
BACK_TO_SCHOOL_2024,2024-07-29,415796,4881,1.17,24429.83,THB,18,Google,,backfilled,False,False
BACK_TO_SCHOOL_2024,2024-07-30,712963,7656,1.07,39598.65,THB,17,LINE,affiliate,,False,False
BACK_TO_SCHOOL_2024,2024-07-30,409428,7523,1.84,21215.6,THB,23,Google,affiliate,,False,False
FLASH_SALE_JULY_2024,2024-06-21,2773937,69580,2.51,122154.03,THB,43,LINE,,,False,False
FLASH_SALE_JULY_2024,2024-06-22,2434055,55754,2.29,136030.95,THB,32,LINE,,,False,False
FLASH_SALE_JULY_2024,2024-06-23,2426027,76385,3.15,130268.6,THB,31,LINE,,,False,False
FLASH_SALE_JULY_2024,2024-06-24,1881797,71609,3.81,113324.38,THB,20,LINE,,,False,False
FLASH_SALE_JULY_2024,2024-06-25,3003447,107383,3.58,121097.71,THB,40,LINE,affiliate,manual adjustment,False,False
FLASH_SALE_JULY_2024,2024-06-26,1795511,43172,2.4,115756.23,THB,48,LINE,,,False,False
FLASH_SALE_JULY_2024,2024-06-27,2729683,31393,1.15,113949.41,THB,37,LINE,affiliate,backfilled,False,False
NEW_USER_ACQUISITION_Q3,2024-06-01,517384,9998,1.93,22548.81,THB,28,Facebook,,manual adjustment,False,False
NEW_USER_ACQUISITION_Q3,2024-06-01,339526,13303,3.92,21071.05,THB,28,Google,,,False,False
NEW_USER_ACQUISITION_Q3,2024-06-02,419242,16676,3.98,17921.27,THB,46,Facebook,newsletter,,False,False
NEW_USER_ACQUISITION_Q3,2024-06-02,451432,13542,3.0,22698.8,THB,35,Google,,backfilled,False,False
NEW_USER_ACQUISITION_Q3,2024-06-03,503479,14293,2.84,20921.9,THB,20,Facebook,affiliate,,False,False
NEW_USER_ACQUISITION_Q3,2024-06-03,539228,19674,3.65,22438.59,THB,23,Google,,,False,False
NEW_USER_ACQUISITION_Q3,2024-06-04,530405,17857,3.37,21888.89,THB,23,Facebook,,,False,False
NEW_USER_ACQUISITION_Q3,2024-06-04,364743,13374,3.67,17513.01,THB,17,Google,affiliate,manual adjustment,False,False
NEW_USER_ACQUISITION_Q3,2024-06-06,454560,5960,1.31,18319.46,THB,18,Facebook,,,False,False
NEW_USER_ACQUISITION_Q3,2024-06-06,411113,10482,2.55,22241.88,THB,18,Google,,backfilled,False,False
NEW_USER_ACQUISITION_Q3,2024-06-07,469917,9087,1.93,21831.11,THB,21,Facebook,affiliate,,False,False
NEW_USER_ACQUISITION_Q3,2024-06-07,364782,11282,3.09,19937.3,THB,17,Google,affiliate,,False,False
NEW_USER_ACQUISITION_Q3,2024-06-08,371946,14603,3.93,20351.98,THB,24,Facebook,affiliate,,False,False
NEW_USER_ACQUISITION_Q3,2024-06-08,502038,7994,1.59,23832.99,THB,18,Google,,,False,False
NEW_USER_ACQUISITION_Q3,2024-06-09,376256,5144,1.37,18225.29,THB,21,Facebook,,manual adjustment,False,False
NEW_USER_ACQUISITION_Q3,2024-06-09,442799,12462,2.81,21641.29,THB,19,Google,,backfilled,False,False
NEW_USER_ACQUISITION_Q3,2024-06-10,366615,4862,1.33,19393.42,THB,16,Facebook,,backfilled,False,False
NEW_USER_ACQUISITION_Q3,2024-06-10,470063,7282,1.55,19346.96,THB,17,Google,affiliate,,False,False
NEW_USER_ACQUISITION_Q3,2024-06-11,410978,4749,1.16,23296.33,THB,17,Facebook,,backfilled,False,False
NEW_USER_ACQUISITION_Q3,2024-06-11,456230,16403,3.6,22476.25,THB,21,Google,affiliate,,False,False
NEW_USER_ACQUISITION_Q3,2024-06-12,370579,3860,1.04,22440.53,THB,16,Facebook,,,False,False
NEW_USER_ACQUISITION_Q3,2024-06-12,504307,18895,3.75,23916.44,THB,14,Google,,,False,False
NEW_USER_ACQUISITION_Q3,2024-06-13,318505,9389,2.95,20063.01,THB,33,Facebook,,,False,False
NEW_USER_ACQUISITION_Q3,2024-06-13,367524,8737,2.38,22046.0,THB,31,Google,newsletter,,False,False
NEW_USER_ACQUISITION_Q3,2024-06-14,432356,10331,2.39,19069.2,THB,17,Facebook,affiliate,,False,False
NEW_USER_ACQUISITION_Q3,2024-06-14,513665,17137,3.34,20972.5,THB,21,Google,,,False,False
NEW_USER_ACQUISITION_Q3,2024-06-15,378400,11398,3.01,19609.57,THB,13,Facebook,,backfilled,False,False
NEW_USER_ACQUISITION_Q3,2024-06-15,503385,18973,3.77,20290.99,THB,14,Google,affiliate,,False,False
NEW_USER_ACQUISITION_Q3,2024-06-16,370795,4553,1.23,21785.47,THB,25,Facebook,,,False,False
NEW_USER_ACQUISITION_Q3,2024-06-16,0,45,,3754.27,THB,0,Facebook,,tracking anomaly,False,True
NEW_USER_ACQUISITION_Q3,2024-06-16,298414,3476,1.16,17545.34,THB,28,Google,newsletter,,False,False
NEW_USER_ACQUISITION_Q3,2024-06-17,605663,13355,2.21,26277.16,THB,20,Facebook,,,False,False
NEW_USER_ACQUISITION_Q3,2024-06-17,316057,5787,1.83,16981.95,THB,15,Google,,,False,False
NEW_USER_ACQUISITION_Q3,2024-06-18,350702,6712,1.91,16357.43,THB,19,Facebook,affiliate,backfilled,False,False
NEW_USER_ACQUISITION_Q3,2024-06-18,531762,17752,3.34,23474.33,THB,25,Google,,manual adjustment,False,False
NEW_USER_ACQUISITION_Q3,2024-06-19,403471,10467,2.59,22374.99,THB,23,Facebook,,,False,False
NEW_USER_ACQUISITION_Q3,2024-06-19,472975,5582,1.18,21872.36,THB,21,Google,newsletter,manual adjustment,False,False
NEW_USER_ACQUISITION_Q3,2024-06-20,383183,13040,3.4,21885.04,THB,14,Facebook,newsletter,,False,False
NEW_USER_ACQUISITION_Q3,2024-06-20,439930,16737,3.8,19963.26,THB,18,Google,,backfilled,False,False
NEW_USER_ACQUISITION_Q3,2024-06-21,370851,4147,1.12,17308.24,THB,29,Facebook,affiliate,,False,False
NEW_USER_ACQUISITION_Q3,2024-06-21,463582,5129,1.11,20227.41,THB,28,Google,affiliate,manual adjustment,False,False
NEW_USER_ACQUISITION_Q3,2024-06-22,426241,4664,1.09,17968.51,THB,18,Facebook,,,False,False
NEW_USER_ACQUISITION_Q3,2024-06-22,366181,14469,3.95,22925.36,THB,24,Google,,,False,False
NEW_USER_ACQUISITION_Q3,2024-06-23,297549,4905,1.65,19558.83,THB,10,Facebook,newsletter,,False,False
NEW_USER_ACQUISITION_Q3,2024-06-23,415391,11417,2.75,17523.51,THB,10,Google,affiliate,,False,False
NEW_USER_ACQUISITION_Q3,2024-06-24,300363,11049,3.68,19035.84,THB,9,Facebook,,manual adjustment,False,False
NEW_USER_ACQUISITION_Q3,2024-06-24,320041,6051,1.89,21238.79,THB,11,Google,affiliate,backfilled,False,False
NEW_USER_ACQUISITION_Q3,2024-06-25,402312,5004,1.24,18308.83,THB,8,Facebook,,,False,False
NEW_USER_ACQUISITION_Q3,2024-06-25,363245,8556,2.36,17533.34,THB,10,Google,affiliate,backfilled,False,False
NEW_USER_ACQUISITION_Q3,2024-06-26,340337,8446,2.48,20731.06,THB,19,Facebook,,,False,False
NEW_USER_ACQUISITION_Q3,2024-06-26,0,50,,2777.94,THB,0,Facebook,,tracking anomaly,False,True
NEW_USER_ACQUISITION_Q3,2024-06-26,382478,13389,3.5,20734.9,THB,18,Google,,backfilled,False,False
NEW_USER_ACQUISITION_Q3,2024-06-27,396656,10584,2.67,18479.17,THB,18,Facebook,,manual adjustment,False,False
NEW_USER_ACQUISITION_Q3,2024-06-27,415169,8097,1.95,18586.89,THB,15,Google,affiliate,,False,False
NEW_USER_ACQUISITION_Q3,2024-06-28,507282,9033,1.78,20696.15,THB,14,Facebook,,,False,False
NEW_USER_ACQUISITION_Q3,2024-06-28,283434,7707,2.72,15655.58,THB,17,Google,affiliate,manual adjustment,False,False
NEW_USER_ACQUISITION_Q3,2024-06-29,236929,6097,2.57,15777.61,THB,22,Facebook,affiliate,backfilled,False,False
NEW_USER_ACQUISITION_Q3,2024-06-29,375639,3953,1.05,17844.67,THB,20,Google,affiliate,backfilled,False,False
NEW_USER_ACQUISITION_Q3,2024-07-01,452902,11478,2.53,19359.66,THB,22,Facebook,,manual adjustment,False,False
NEW_USER_ACQUISITION_Q3,2024-07-01,368574,11023,2.99,20932.72,THB,17,Google,,,False,False
NEW_USER_ACQUISITION_Q3,2024-07-02,505212,11393,2.26,24426.07,THB,16,Facebook,,,False,False
NEW_USER_ACQUISITION_Q3,2024-07-02,364439,7092,1.95,22572.98,THB,20,Google,affiliate,,False,False
NEW_USER_ACQUISITION_Q3,2024-07-03,310327,7392,2.38,19520.18,THB,22,Facebook,,backfilled,False,False
NEW_USER_ACQUISITION_Q3,2024-07-03,351837,6442,1.83,19942.95,THB,22,Google,,backfilled,False,False
NEW_USER_ACQUISITION_Q3,2024-07-04,356054,6271,1.76,16992.41,THB,18,Facebook,,,False,False
NEW_USER_ACQUISITION_Q3,2024-07-04,387097,11047,2.85,19944.46,THB,18,Google,,,False,False
NEW_USER_ACQUISITION_Q3,2024-07-05,462726,14729,3.18,19134.02,THB,12,Facebook,,manual adjustment,False,False
NEW_USER_ACQUISITION_Q3,2024-07-05,354660,9359,2.64,20968.16,THB,16,Google,affiliate,backfilled,False,False
NEW_USER_ACQUISITION_Q3,2024-07-06,326830,11337,3.47,17518.31,THB,23,Facebook,,,False,False
NEW_USER_ACQUISITION_Q3,2024-07-06,412003,11177,2.71,21558.04,THB,24,Google,,manual adjustment,False,False
NEW_USER_ACQUISITION_Q3,2024-07-07,506910,16523,3.26,24598.22,THB,21,Facebook,,backfilled,False,False
NEW_USER_ACQUISITION_Q3,2024-07-07,315079,3158,1.0,19673.72,THB,31,Google,affiliate,,False,False
NEW_USER_ACQUISITION_Q3,2024-07-08,435363,6387,1.47,21205.14,THB,13,Facebook,newsletter,backfilled,False,False
NEW_USER_ACQUISITION_Q3,2024-07-08,429122,13477,3.14,22070.43,THB,14,Google,,manual adjustment,False,False
NEW_USER_ACQUISITION_Q3,2024-07-09,292346,7358,2.52,18796.34,THB,31,Facebook,newsletter,,False,False
NEW_USER_ACQUISITION_Q3,2024-07-09,344080,13151,3.82,20672.28,THB,32,Google,,backfilled,False,False
NEW_USER_ACQUISITION_Q3,2024-07-10,318865,9192,2.88,20037.78,THB,15,Facebook,affiliate,manual adjustment,False,False
NEW_USER_ACQUISITION_Q3,2024-07-10,486587,13061,2.68,20293.03,THB,16,Google,,,False,False
NEW_USER_ACQUISITION_Q3,2024-07-11,438532,16958,3.87,17680.97,THB,13,Facebook,newsletter,backfilled,False,False
NEW_USER_ACQUISITION_Q3,2024-07-11,498530,16227,3.25,20073.53,THB,18,Google,newsletter,backfilled,False,False
NEW_USER_ACQUISITION_Q3,2024-07-12,369114,12753,3.46,21493.99,THB,16,Facebook,newsletter,backfilled,False,False
NEW_USER_ACQUISITION_Q3,2024-07-12,601948,14648,2.43,24353.43,THB,17,Google,affiliate,manual adjustment,False,False
NEW_USER_ACQUISITION_Q3,2024-07-13,426715,15242,3.57,22877.81,THB,18,Facebook,affiliate,,False,False
NEW_USER_ACQUISITION_Q3,2024-07-13,645512,10943,1.7,26459.55,THB,24,Google,,backfilled,False,False
NEW_USER_ACQUISITION_Q3,2024-07-14,435762,16305,3.74,17697.96,THB,25,Facebook,,,False,False
NEW_USER_ACQUISITION_Q3,2024-07-14,352628,10841,3.07,22616.96,THB,21,Google,newsletter,,False,False
NEW_USER_ACQUISITION_Q3,2024-07-15,326167,10282,3.15,20550.03,THB,9,Facebook,,backfilled,False,False
NEW_USER_ACQUISITION_Q3,2024-07-15,570757,7847,1.37,26569.41,THB,13,Google,affiliate,,False,False
NEW_USER_ACQUISITION_Q3,2024-07-16,416025,6151,1.48,17575.11,THB,17,Facebook,affiliate,,False,False
NEW_USER_ACQUISITION_Q3,2024-07-16,317902,4908,1.54,17480.83,THB,11,Google,newsletter,,False,False
NEW_USER_ACQUISITION_Q3,2024-07-17,303415,11793,3.89,18201.82,THB,22,Facebook,affiliate,,False,False
NEW_USER_ACQUISITION_Q3,2024-07-17,326681,10227,3.13,13628.31,THB,23,Google,newsletter,,False,False
NEW_USER_ACQUISITION_Q3,2024-07-18,381333,11256,2.95,18422.73,THB,27,Facebook,newsletter,manual adjustment,False,False
NEW_USER_ACQUISITION_Q3,2024-07-18,289277,7986,2.76,17722.6,THB,20,Google,affiliate,,False,False
NEW_USER_ACQUISITION_Q3,2024-07-19,493981,15061,3.05,20451.18,THB,20,Facebook,,backfilled,False,False
NEW_USER_ACQUISITION_Q3,2024-07-19,338732,3928,1.16,21025.27,THB,22,Google,,,False,False
NEW_USER_ACQUISITION_Q3,2024-07-20,548500,12992,2.37,25628.51,THB,22,Facebook,,,False,False
NEW_USER_ACQUISITION_Q3,2024-07-20,537456,17911,3.33,22851.27,THB,20,Google,,,False,False
NEW_USER_ACQUISITION_Q3,2024-07-21,280713,6656,2.37,18269.29,THB,15,Facebook,,manual adjustment,False,False
NEW_USER_ACQUISITION_Q3,2024-07-21,387180,15216,3.93,17304.76,THB,15,Google,newsletter,,False,False
NEW_USER_ACQUISITION_Q3,2024-07-23,339003,12215,3.6,21475.76,THB,19,Facebook,newsletter,backfilled,False,False
NEW_USER_ACQUISITION_Q3,2024-07-23,369189,4260,1.15,16039.3,THB,20,Google,,,False,False
NEW_USER_ACQUISITION_Q3,2024-07-24,553285,11761,2.13,25494.38,THB,15,Facebook,,manual adjustment,False,False
NEW_USER_ACQUISITION_Q3,2024-07-24,482433,11042,2.29,23538.32,THB,17,Google,,,False,False
NEW_USER_ACQUISITION_Q3,2024-07-25,318913,4756,1.49,18592.47,THB,24,Facebook,newsletter,,False,False
NEW_USER_ACQUISITION_Q3,2024-07-25,312926,5645,1.8,14860.6,THB,23,Google,,,False,False
NEW_USER_ACQUISITION_Q3,2024-07-26,427154,14569,3.41,24061.62,THB,24,Facebook,affiliate,backfilled,False,False
NEW_USER_ACQUISITION_Q3,2024-07-26,296197,11792,3.98,19656.38,THB,18,Google,,,False,False
NEW_USER_ACQUISITION_Q3,2024-07-27,399392,10353,2.59,23713.45,THB,36,Facebook,newsletter,,False,False
NEW_USER_ACQUISITION_Q3,2024-07-27,0,9,,7014.63,THB,0,Facebook,,tracking anomaly,False,True
NEW_USER_ACQUISITION_Q3,2024-07-27,355121,10935,3.08,15216.849999999999,THB,37,Google,,,False,False
NEW_USER_ACQUISITION_Q3,2024-07-28,374515,14187,3.79,18201.87,THB,23,Facebook,,,False,False
NEW_USER_ACQUISITION_Q3,2024-07-28,368581,4304,1.17,20015.73,THB,23,Google,,,False,False
NEW_USER_ACQUISITION_Q3,2024-07-29,325527,8984,2.76,20140.94,THB,19,Facebook,newsletter,,False,False
NEW_USER_ACQUISITION_Q3,2024-07-29,365866,6467,1.77,18649.8,THB,17,Google,,manual adjustment,False,False
NEW_USER_ACQUISITION_Q3,2024-07-30,348726,7586,2.18,21868.55,THB,21,Facebook,affiliate,,False,False
NEW_USER_ACQUISITION_Q3,2024-07-30,410573,7634,1.86,16797.14,THB,19,Google,affiliate,,False,False
NEW_USER_ACQUISITION_Q3,2024-07-31,458405,12949,2.82,19572.86,THB,12,Facebook,,manual adjustment,False,False
NEW_USER_ACQUISITION_Q3,2024-07-31,355987,5077,1.43,20360.89,THB,12,Google,,,False,False
NEW_USER_ACQUISITION_Q3,2024-08-01,387377,8737,2.26,21543.32,THB,23,Facebook,,,False,False
NEW_USER_ACQUISITION_Q3,2024-08-01,389729,4737,1.22,22134.695,THB,26,Google,,,False,False
NEW_USER_ACQUISITION_Q3,2024-08-02,334854,5526,1.65,16626.07,THB,18,Facebook,,,False,False
NEW_USER_ACQUISITION_Q3,2024-08-02,245836,8733,3.55,15397.66,THB,16,Google,,,False,False
NEW_USER_ACQUISITION_Q3,2024-08-03,488802,6106,1.25,23833.03,THB,18,Facebook,,backfilled,False,False
NEW_USER_ACQUISITION_Q3,2024-08-03,453941,8107,1.79,20996.94,THB,14,Google,,backfilled,False,False
NEW_USER_ACQUISITION_Q3,2024-08-04,304430,8474,2.78,17754.54,THB,18,Facebook,affiliate,manual adjustment,False,False
NEW_USER_ACQUISITION_Q3,2024-08-04,573292,11123,1.94,24653.46,THB,21,Google,,,False,False
NEW_USER_ACQUISITION_Q3,2024-08-05,368197,6510,1.77,20347.02,THB,16,Facebook,,,False,False
NEW_USER_ACQUISITION_Q3,2024-08-05,501106,19905,3.97,23537.89,THB,18,Google,,,False,False
NEW_USER_ACQUISITION_Q3,2024-08-06,480945,13367,2.78,20202.56,THB,21,Facebook,affiliate,manual adjustment,False,False
NEW_USER_ACQUISITION_Q3,2024-08-06,520407,10003,1.92,26182.24,THB,19,Google,newsletter,manual adjustment,False,False
NEW_USER_ACQUISITION_Q3,2024-08-07,460253,7053,1.53,25266.02,THB,16,Facebook,,,False,False
NEW_USER_ACQUISITION_Q3,2024-08-07,444459,16472,3.71,19253.11,THB,21,Google,newsletter,,False,False
NEW_USER_ACQUISITION_Q3,2024-08-08,350022,5037,1.44,22914.71,THB,16,Facebook,,,False,False
NEW_USER_ACQUISITION_Q3,2024-08-08,506672,11953,2.36,21936.13,THB,19,Google,newsletter,,False,False
NEW_USER_ACQUISITION_Q3,2024-08-09,549368,9097,1.66,24105.89,THB,20,Facebook,,,False,False
NEW_USER_ACQUISITION_Q3,2024-08-09,283419,8508,3.0,17105.23,THB,20,Google,affiliate,manual adjustment,False,False
NEW_USER_ACQUISITION_Q3,2024-08-10,459325,17029,3.71,22058.15,THB,21,Facebook,,,False,False
NEW_USER_ACQUISITION_Q3,2024-08-10,351736,10135,2.88,23175.27,THB,28,Google,affiliate,,False,False
NEW_USER_ACQUISITION_Q3,2024-08-11,321697,4924,1.53,14723.78,THB,22,Facebook,,,False,False
NEW_USER_ACQUISITION_Q3,2024-08-11,256857,10239,3.99,16450.22,THB,18,Google,,backfilled,False,False
NEW_USER_ACQUISITION_Q3,2024-08-12,315249,11703,3.71,13882.41,THB,21,Facebook,affiliate,,False,False
NEW_USER_ACQUISITION_Q3,2024-08-12,446956,11051,2.47,19191.78,THB,21,Google,,,False,False
NEW_USER_ACQUISITION_Q3,2024-08-13,497155,11120,2.24,22152.63,THB,14,Facebook,affiliate,manual adjustment,False,False
NEW_USER_ACQUISITION_Q3,2024-08-13,525832,10993,2.09,24507.07,THB,17,Google,,,False,False
NEW_USER_ACQUISITION_Q3,2024-08-14,403449,10455,2.59,20222.28,THB,22,Facebook,newsletter,,False,False
NEW_USER_ACQUISITION_Q3,2024-08-14,444964,6093,1.37,24885.85,THB,20,Google,,,False,False
NEW_USER_ACQUISITION_Q3,2024-08-15,268989,3239,1.2,15859.7,THB,27,Facebook,,,False,False
NEW_USER_ACQUISITION_Q3,2024-08-15,286786,8492,2.96,14889.85,THB,26,Google,newsletter,,False,False
NEW_USER_ACQUISITION_Q3,2024-08-15,0,27,,3855.98,THB,0,Google,,tracking anomaly,False,True
NEW_USER_ACQUISITION_Q3,2024-08-16,429711,10988,2.56,19833.36,THB,18,Facebook,affiliate,,False,False
NEW_USER_ACQUISITION_Q3,2024-08-16,353755,5241,1.48,21152.2,THB,21,Google,affiliate,,False,False
NEW_USER_ACQUISITION_Q3,2024-08-17,436893,16060,3.68,19901.92,THB,19,Facebook,,,False,False
NEW_USER_ACQUISITION_Q3,2024-08-17,210998,4922,2.33,13797.73,THB,14,Google,newsletter,,False,False
NEW_USER_ACQUISITION_Q3,2024-08-18,362453,7758,2.14,19732.64,THB,17,Facebook,,,False,False
NEW_USER_ACQUISITION_Q3,2024-08-18,378552,4737,1.25,16086.59,THB,20,Google,,manual adjustment,False,False
NEW_USER_ACQUISITION_Q3,2024-08-19,529669,18263,3.45,22009.02,THB,20,Facebook,affiliate,,False,False
NEW_USER_ACQUISITION_Q3,2024-08-19,401126,15284,3.81,21099.79,THB,15,Google,affiliate,,False,False
NEW_USER_ACQUISITION_Q3,2024-08-20,419787,13942,3.32,17180.36,THB,20,Facebook,,manual adjustment,False,False
NEW_USER_ACQUISITION_Q3,2024-08-20,407642,7426,1.82,18458.4,THB,25,Google,,manual adjustment,False,False
NEW_USER_ACQUISITION_Q3,2024-08-21,389523,7665,1.97,16822.36,THB,31,Facebook,,,False,False
NEW_USER_ACQUISITION_Q3,2024-08-21,417459,9576,2.29,19811.96,THB,26,Google,,,False,False
NEW_USER_ACQUISITION_Q3,2024-08-22,362798,3858,1.06,22865.43,THB,20,Facebook,newsletter,,False,False
NEW_USER_ACQUISITION_Q3,2024-08-22,374921,6852,1.83,17042.82,THB,20,Google,,,False,False
NEW_USER_ACQUISITION_Q3,2024-08-23,385177,6083,1.58,21512.14,THB,17,Facebook,affiliate,manual adjustment,False,False
NEW_USER_ACQUISITION_Q3,2024-08-23,331040,3569,1.08,18409.23,THB,18,Google,,,False,False
NEW_USER_ACQUISITION_Q3,2024-08-24,287470,11457,3.99,17621.38,THB,19,Facebook,,,False,False
NEW_USER_ACQUISITION_Q3,2024-08-24,433851,14820,3.42,19678.91,THB,16,Google,,,False,False
NEW_USER_ACQUISITION_Q3,2024-08-25,342485,3841,1.12,16894.27,THB,27,Facebook,,,False,False
NEW_USER_ACQUISITION_Q3,2024-08-25,400324,9186,2.29,18339.05,THB,30,Google,,,False,False
NEW_USER_ACQUISITION_Q3,2024-08-26,364777,13279,3.64,16406.37,THB,35,Facebook,newsletter,,False,False
NEW_USER_ACQUISITION_Q3,2024-08-26,408378,15408,3.77,25894.18,THB,33,Google,affiliate,manual adjustment,False,False
NEW_USER_ACQUISITION_Q3,2024-08-27,362073,6600,1.82,20105.79,THB,27,Facebook,,,False,False
NEW_USER_ACQUISITION_Q3,2024-08-27,0,28,,3314.52,THB,0,Facebook,,tracking anomaly,False,True
NEW_USER_ACQUISITION_Q3,2024-08-27,286418,7393,2.58,17900.82,THB,18,Google,affiliate,,False,False
NEW_USER_ACQUISITION_Q3,2024-08-28,313549,7565,2.41,20641.94,THB,29,Facebook,,,False,False
NEW_USER_ACQUISITION_Q3,2024-08-28,378185,7009,1.85,19663.02,THB,32,Google,,,False,False
NEW_USER_ACQUISITION_Q3,2024-08-29,464161,15130,3.26,19337.09,THB,28,Facebook,newsletter,backfilled,False,False
NEW_USER_ACQUISITION_Q3,2024-08-29,411350,14334,3.48,21842.5,THB,27,Google,,,False,False
MEMBER_EXCLUSIVE_AUG_2024,2024-07-31,626164,14837,2.37,33408.78,THB,9,LINE,newsletter,,False,False
MEMBER_EXCLUSIVE_AUG_2024,2024-07-31,517880,19401,3.75,27612.74,THB,8,Facebook,,backfilled,False,False
MEMBER_EXCLUSIVE_AUG_2024,2024-07-31,603023,12503,2.07,27408.82,THB,8,Google,,,False,False
MEMBER_EXCLUSIVE_AUG_2024,2024-08-01,515245,8233,1.6,28762.27,THB,19,LINE,,,False,False
MEMBER_EXCLUSIVE_AUG_2024,2024-08-01,472290,9132,1.93,19641.35,THB,15,Facebook,,,False,False
MEMBER_EXCLUSIVE_AUG_2024,2024-08-01,551827,16078,2.91,23181.515,THB,13,Google,affiliate,,False,False
MEMBER_EXCLUSIVE_AUG_2024,2024-08-02,768427,22811,2.97,36150.93,THB,8,LINE,affiliate,backfilled,False,False
MEMBER_EXCLUSIVE_AUG_2024,2024-08-02,570686,17318,3.03,37402.35,THB,10,Facebook,,manual adjustment,False,False
MEMBER_EXCLUSIVE_AUG_2024,2024-08-02,656734,17818,2.71,28879.34,THB,9,Google,,manual adjustment,False,False
MEMBER_EXCLUSIVE_AUG_2024,2024-08-03,766978,13771,1.8,32594.51,THB,13,LINE,,,False,False
MEMBER_EXCLUSIVE_AUG_2024,2024-08-03,507791,12135,2.39,31400.63,THB,14,Facebook,,,False,False
MEMBER_EXCLUSIVE_AUG_2024,2024-08-03,772021,23161,3.0,43854.96,THB,12,Google,affiliate,backfilled,False,False
MEMBER_EXCLUSIVE_AUG_2024,2024-08-04,827957,20493,2.48,35038.175,THB,14,LINE,newsletter,,False,False
MEMBER_EXCLUSIVE_AUG_2024,2024-08-04,570287,15390,2.7,29424.37,THB,16,Facebook,affiliate,backfilled,False,False
MEMBER_EXCLUSIVE_AUG_2024,2024-08-04,528195,8818,1.67,25700.07,THB,12,Google,newsletter,,False,False
MEMBER_EXCLUSIVE_AUG_2024,2024-08-05,457427,5464,1.19,22770.99,THB,20,LINE,,manual adjustment,False,False
MEMBER_EXCLUSIVE_AUG_2024,2024-08-05,523337,11943,2.28,30915.59,THB,17,Facebook,newsletter,,False,False
MEMBER_EXCLUSIVE_AUG_2024,2024-08-05,595296,23636,3.97,26596.42,THB,16,Google,,,False,False
MEMBER_EXCLUSIVE_AUG_2024,2024-08-06,570886,17763,3.11,23599.86,THB,12,LINE,affiliate,,False,False
MEMBER_EXCLUSIVE_AUG_2024,2024-08-06,671170,14327,2.13,27090.42,THB,13,Facebook,newsletter,,False,False
MEMBER_EXCLUSIVE_AUG_2024,2024-08-06,544572,11544,2.12,25133.03,THB,12,Google,,,False,False
MEMBER_EXCLUSIVE_AUG_2024,2024-08-08,787374,12802,1.63,37592.14,THB,16,LINE,,backfilled,False,False
MEMBER_EXCLUSIVE_AUG_2024,2024-08-08,706983,11372,1.61,33967.38,THB,17,Facebook,,manual adjustment,False,False
MEMBER_EXCLUSIVE_AUG_2024,2024-08-08,678220,23171,3.42,29964.12,THB,13,Google,,backfilled,False,False
MEMBER_EXCLUSIVE_AUG_2024,2024-08-09,642610,14036,2.18,36659.75,THB,15,LINE,,backfilled,False,False
MEMBER_EXCLUSIVE_AUG_2024,2024-08-09,740544,19161,2.59,30348.16,THB,13,Facebook,affiliate,,False,False
MEMBER_EXCLUSIVE_AUG_2024,2024-08-09,595987,14169,2.38,26124.22,THB,17,Google,,,False,False
MEMBER_EXCLUSIVE_AUG_2024,2024-08-10,754515,12274,1.63,36854.06,THB,10,LINE,,manual adjustment,False,False
MEMBER_EXCLUSIVE_AUG_2024,2024-08-10,804809,14480,1.8,32425.1,THB,10,Facebook,,,False,False
MEMBER_EXCLUSIVE_AUG_2024,2024-08-10,413136,11316,2.74,25332.39,THB,9,Google,,backfilled,False,False
MEMBER_EXCLUSIVE_AUG_2024,2024-08-11,532408,16508,3.1,29143.48,THB,16,LINE,newsletter,backfilled,False,False
MEMBER_EXCLUSIVE_AUG_2024,2024-08-11,616415,7119,1.15,26059.54,THB,17,Facebook,,,False,False
MEMBER_EXCLUSIVE_AUG_2024,2024-08-11,442155,8470,1.92,23777.4,THB,16,Google,,,False,False
MEMBER_EXCLUSIVE_AUG_2024,2024-08-12,627520,8516,1.36,34167.8,THB,15,LINE,affiliate,,False,False
MEMBER_EXCLUSIVE_AUG_2024,2024-08-12,718915,27207,3.78,38592.37,THB,15,Facebook,newsletter,backfilled,False,False
MEMBER_EXCLUSIVE_AUG_2024,2024-08-12,412239,9149,2.22,23706.45,THB,16,Google,affiliate,manual adjustment,False,False
MEMBER_EXCLUSIVE_AUG_2024,2024-08-13,801942,20287,2.53,32533.36,THB,15,LINE,newsletter,,False,False
MEMBER_EXCLUSIVE_AUG_2024,2024-08-13,666474,23765,3.57,27072.11,THB,20,Facebook,affiliate,manual adjustment,False,False
MEMBER_EXCLUSIVE_AUG_2024,2024-08-13,592905,17234,2.91,27807.94,THB,17,Google,,backfilled,False,False
MEMBER_EXCLUSIVE_AUG_2024,2024-08-14,652658,11258,1.72,27334.23,THB,8,LINE,newsletter,,False,False
MEMBER_EXCLUSIVE_AUG_2024,2024-08-14,423981,16265,3.84,26112.04,THB,7,Facebook,,,False,False
MEMBER_EXCLUSIVE_AUG_2024,2024-08-14,661040,16627,2.52,30218.35,THB,10,Google,,,False,False
MEMBER_EXCLUSIVE_AUG_2024,2024-08-15,637246,8106,1.27,26260.72,THB,16,LINE,,,False,False
MEMBER_EXCLUSIVE_AUG_2024,2024-08-15,693905,8664,1.25,31217.06,THB,16,Facebook,newsletter,backfilled,False,False
MEMBER_EXCLUSIVE_AUG_2024,2024-08-15,673563,11513,1.71,29773.93,THB,19,Google,,,False,False
MEMBER_EXCLUSIVE_AUG_2024,2024-08-16,579867,21668,3.74,28924.73,THB,12,LINE,affiliate,,False,False
MEMBER_EXCLUSIVE_AUG_2024,2024-08-16,0,0,0.0,-4515.09,THB,0,LINE,,billing adjustment,True,False
MEMBER_EXCLUSIVE_AUG_2024,2024-08-16,406840,13262,3.26,25915.96,THB,12,Facebook,affiliate,manual adjustment,False,False
MEMBER_EXCLUSIVE_AUG_2024,2024-08-16,597931,7730,1.29,27404.53,THB,15,Google,newsletter,,False,False
MEMBER_EXCLUSIVE_AUG_2024,2024-08-17,630592,19128,3.03,33399.26,THB,7,LINE,,,False,False
MEMBER_EXCLUSIVE_AUG_2024,2024-08-17,683648,20240,2.96,32254.13,THB,8,Facebook,,,False,False
MEMBER_EXCLUSIVE_AUG_2024,2024-08-17,390906,11478,2.94,25601.0,THB,7,Google,,,False,False
MEMBER_EXCLUSIVE_AUG_2024,2024-08-18,531327,16678,3.14,30447.0,THB,12,LINE,affiliate,manual adjustment,False,False
MEMBER_EXCLUSIVE_AUG_2024,2024-08-18,567574,9219,1.62,33381.24,THB,13,Facebook,,backfilled,False,False
MEMBER_EXCLUSIVE_AUG_2024,2024-08-18,492256,7077,1.44,22487.65,THB,14,Google,,,False,False
MEMBER_EXCLUSIVE_AUG_2024,2024-08-19,541299,18444,3.41,32445.215,THB,11,LINE,,,False,False
MEMBER_EXCLUSIVE_AUG_2024,2024-08-19,519384,8233,1.59,27018.19,THB,10,Facebook,,backfilled,False,False
MEMBER_EXCLUSIVE_AUG_2024,2024-08-19,497340,16957,3.41,32567.69,THB,11,Google,,,False,False
MEMBER_EXCLUSIVE_AUG_2024,2024-08-20,529314,16924,3.2,26565.33,THB,12,LINE,,backfilled,False,False
MEMBER_EXCLUSIVE_AUG_2024,2024-08-20,405622,15950,3.93,21878.03,THB,13,Facebook,,,False,False
MEMBER_EXCLUSIVE_AUG_2024,2024-08-20,455456,6922,1.52,22676.06,THB,15,Google,,,False,False
MEMBER_EXCLUSIVE_AUG_2024,2024-08-21,675045,12802,1.9,30216.38,THB,14,LINE,newsletter,,False,False
MEMBER_EXCLUSIVE_AUG_2024,2024-08-21,727970,11003,1.51,31168.75,THB,13,Facebook,affiliate,,False,False
MEMBER_EXCLUSIVE_AUG_2024,2024-08-21,629733,20046,3.18,25930.58,THB,15,Google,affiliate,manual adjustment,False,False
MEMBER_EXCLUSIVE_AUG_2024,2024-08-22,710080,22629,3.19,32873.67,THB,17,LINE,,manual adjustment,False,False
MEMBER_EXCLUSIVE_AUG_2024,2024-08-22,384777,5184,1.35,22523.16,THB,14,Facebook,,manual adjustment,False,False
MEMBER_EXCLUSIVE_AUG_2024,2024-08-22,483387,12846,2.66,29702.64,THB,18,Google,affiliate,,False,False
MEMBER_EXCLUSIVE_AUG_2024,2024-08-23,496956,16584,3.34,24550.43,THB,8,LINE,,,False,False
MEMBER_EXCLUSIVE_AUG_2024,2024-08-23,569170,11844,2.08,27066.74,THB,9,Facebook,,,False,False
MEMBER_EXCLUSIVE_AUG_2024,2024-08-23,546430,16688,3.05,30213.29,THB,10,Google,,,False,False
MEMBER_EXCLUSIVE_AUG_2024,2024-08-24,495481,11594,2.34,26128.14,THB,9,LINE,affiliate,manual adjustment,False,False
MEMBER_EXCLUSIVE_AUG_2024,2024-08-24,580359,17540,3.02,28269.5,THB,13,Facebook,newsletter,,False,False
MEMBER_EXCLUSIVE_AUG_2024,2024-08-24,547024,18534,3.39,34528.32,THB,12,Google,,backfilled,False,False
