campaign_id,report_date,impressions,clicks,ctr,spend_thb,currency,conversions_reported,platform,utm_source,notes
SUMMER_PROMO_2024_TH,06/06/2024,884889,"28,617",3.23%,36119.69,THB,17,Line,newsletter,
SUMMER_PROMO_2024_TH,06/06/2024,0,0,0%,-6366.18,THB,0,Line,,billing adjustment
SUMMER_PROMO_2024_TH,06/06/2024,826350,22043,2.67%,33260.23,THB,19,facebook,,backfilled
SUMMER_PROMO_2024_TH,06/07/2024,601046,10386,1.73%,32496.48,THB,16,Line,,
SUMMER_PROMO_2024_TH,06/07/2024,725203,"22,848",3.15%,32911.07,THB,22,Facebook,,
SUMMER_PROMO_2024_TH,06/08/2024,"677,559",19741,2.91%,37066.3,THB,17,Line,,backfilled
SUMMER_PROMO_2024_TH,06/08/2024,698673,21270,3.04%,39418.98,THB,14,Facebook,affiliate,manual adjustment
SUMMER_PROMO_2024_TH,06/09/2024,"922,212","17,882",1.94%,39056.39,THB,23,LINE,affiliate,backfilled
SUMMER_PROMO_2024_TH,06/09/2024,723155,"10,752",1.49%,42152.91,THB,21,Facebook,,
SUMMER_PROMO_2024_TH,06/10/2024,"838,183",18387,2.19%,37573.14,THB,21,Line,,
SUMMER_PROMO_2024_TH,06/10/2024,901882,12820,1.42%,45676.13,THB,16,facebook,affiliate,manual adjustment
SUMMER_PROMO_2024_TH,06/11/2024,"842,127",23792,2.83%,36011.31,THB,14,LINE,,
SUMMER_PROMO_2024_TH,06/11/2024,1164315,37566,3.23%,52800.95,THB,19,Facebook,,
SUMMER_PROMO_2024_TH,06/12/2024,860466,"27,911",3.24%,41019.38,THB,15,line,newsletter,backfilled
SUMMER_PROMO_2024_TH,06/12/2024,498763,7981,1.6%,32678.49,THB,20,Facebook,,
SUMMER_PROMO_2024_TH,06/13/2024,660441,17478,2.65%,31476.23,THB,25,Line,,
SUMMER_PROMO_2024_TH,06/13/2024,905447,9798,1.08%,40213.91,THB,19,facebook,,manual adjustment
SUMMER_PROMO_2024_TH,06/14/2024,776739,10113,1.3%,36243.02,THB,19,LINE,,
SUMMER_PROMO_2024_TH,06/14/2024,631438,22956,3.64%,41516.25,THB,23,Facebook,,backfilled
SUMMER_PROMO_2024_TH,06/15/2024,839984,28043,3.34%,40161.96,THB,20,LINE,,
SUMMER_PROMO_2024_TH,06/15/2024,"657,021",10533,1.6%,37090.34,THB,22,Facebook,,manual adjustment
SUMMER_PROMO_2024_TH,06/16/2024,494746,11341,2.29%,32736.79,THB,23,Line,,manual adjustment
SUMMER_PROMO_2024_TH,06/16/2024,670820,14943,2.23%,28978.98,THB,28,FB,newsletter,manual adjustment
SUMMER_PROMO_2024_TH,06/17/2024,866195,21771,2.51%,34988.35,THB,11,line,affiliate,backfilled
SUMMER_PROMO_2024_TH,06/17/2024,928257,"10,787",1.16%,42317.24,THB,10,facebook,,manual adjustment
SUMMER_PROMO_2024_TH,06/18/2024,691788,16646,2.41%,38704.28,THB,19,Line,,
SUMMER_PROMO_2024_TH,06/18/2024,"752,370",29249,3.89%,30492.72,THB,16,Facebook,,
SUMMER_PROMO_2024_TH,06/19/2024,641922,7596,1.18%,38474.14,THB,26,line,,
SUMMER_PROMO_2024_TH,06/19/2024,986537,21507,2.18%,39667.41,THB,21,FB,,backfilled
SUMMER_PROMO_2024_TH,06/20/2024,"620,622",8619,1.39%,32528.3,THB,23,LINE,newsletter,
SUMMER_PROMO_2024_TH,06/20/2024,"842,595",15268,1.81%,38364.7,THB,18,Facebook,affiliate,
SUMMER_PROMO_2024_TH,06/21/2024,620030,23713,3.82%,37827.42,THB,26,LINE,,
SUMMER_PROMO_2024_TH,06/21/2024,719504,"19,712",2.74%,31070.79,THB,25,facebook,,
SUMMER_PROMO_2024_TH,06/21/2024,735568,"19,712",2.74%,31070.79,THB,25,facebook,,
SUMMER_PROMO_2024_TH,06/22/2024,802718,"22,955",2.86%,39512.55,THB,21,LINE,affiliate,
SUMMER_PROMO_2024_TH,06/22/2024,615453,19519,3.17%,40654.41,THB,25,facebook,newsletter,
SUMMER_PROMO_2024_TH,06/23/2024,840606,32094,3.82%,43592.16,THB,11,line,newsletter,
SUMMER_PROMO_2024_TH,06/23/2024,828779,21482,2.59%,43427.64,THB,13,Facebook,,
SUMMER_PROMO_2024_TH,06/24/2024,700067,13016,1.86%,29750.61,THB,16,LINE,,backfilled
SUMMER_PROMO_2024_TH,06/24/2024,625059,22948,3.67%,32224.73,THB,13,facebook,,
SUMMER_PROMO_2024_TH,06/25/2024,782150,25698,3.29%,40397.07,THB,19,LINE,affiliate,
SUMMER_PROMO_2024_TH,06/25/2024,660736,10833,1.64%,40390.05,THB,22,Facebook,,manual adjustment
SUMMER_PROMO_2024_TH,06/26/2024,980643,10574,1.08%,40397.14,THB,15,Line,,
SUMMER_PROMO_2024_TH,06/26/2024,"1,035,979",17244,1.66%,59171.61,THB,20,Facebook,newsletter,
SUMMER_PROMO_2024_TH,06/27/2024,868493,33015,3.8%,40711.26,THB,19,Line,,
SUMMER_PROMO_2024_TH,06/27/2024,949583,"14,031",1.48%,43887.56,THB,15,Facebook,,backfilled
SUMMER_PROMO_2024_TH,06/28/2024,702830,7725,1.1%,42866.26,THB,14,line,newsletter,backfilled
SUMMER_PROMO_2024_TH,06/28/2024,704765,27231,3.86%,41164.08,THB,18,FB,newsletter,
SUMMER_PROMO_2024_TH,06/29/2024,569442,12683,2.23%,35726.61,THB,22,Line,newsletter,backfilled
SUMMER_PROMO_2024_TH,06/29/2024,929619,29049,3.12%,41769.2,THB,22,Facebook,,
SUMMER_PROMO_2024_TH,06/30/2024,717999,23883,3.33%,33152.86,THB,23,LINE,,
SUMMER_PROMO_2024_TH,06/30/2024,716871,21959,3.06%,36167.9,THB,16,FB,,
SUMMER_PROMO_2024_TH,07/01/2024,624431,21189,3.39%,34769.83,THB,16,LINE,,manual adjustment
SUMMER_PROMO_2024_TH,07/01/2024,"758,375","27,972",3.69%,37960.54,THB,18,FB,,manual adjustment
SUMMER_PROMO_2024_TH,07/02/2024,"1,052,991",12192,1.16%,50519.95,THB,19,line,affiliate,backfilled
SUMMER_PROMO_2024_TH,07/02/2024,628545,16527,2.63%,26996.63,THB,19,FB,,manual adjustment
SUMMER_PROMO_2024_TH,07/03/2024,"1,013,457",14672,1.45%,1133.16,USD,20,LINE,affiliate,
SUMMER_PROMO_2024_TH,07/03/2024,438756,13009,2.96%,28428.47,THB,21,Facebook,,backfilled
SUMMER_PROMO_2024_TH,07/04/2024,636904,19744,3.1%,34845.38,THB,17,Line,affiliate,
SUMMER_PROMO_2024_TH,07/04/2024,0,31,N/A,6291.85,THB,0,Line,,tracking anomaly
SUMMER_PROMO_2024_TH,07/04/2024,957039,11296,1.18%,43625.35,THB,19,Facebook,newsletter,
SUMMER_PROMO_2024_TH,07/05/2024,808746,"28,745",3.55%,37861.58,THB,14,LINE,,backfilled
SUMMER_PROMO_2024_TH,07/05/2024,604524,"16,338",2.7%,31437.69,THB,18,Facebook,,backfilled
BACK_TO_SCHOOL_2024,07/01/2024,402463,4091,1.02%,26781.13,THB,25,line,,
BACK_TO_SCHOOL_2024,07/01/2024,622585,11095,1.78%,33058.19,THB,27,Google,newsletter,
BACK_TO_SCHOOL_2024,07/02/2024,557226,13076,2.35%,26713.35,THB,14,Line,affiliate,backfilled
BACK_TO_SCHOOL_2024,07/02/2024,529963,13076,2.35%,26713.35,THB,14,Line,affiliate,backfilled
BACK_TO_SCHOOL_2024,07/02/2024,504672,16330,3.24%,30974.06,THB,15,Google,,
BACK_TO_SCHOOL_2024,07/03/2024,749423,18364,2.45%,30205.07,THB,21,line,,
BACK_TO_SCHOOL_2024,07/03/2024,477041,10053,2.11%,27067.8,THB,18,Google,affiliate,
BACK_TO_SCHOOL_2024,07/04/2024,677534,"21,048",3.11%,39647.75,THB,13,Line,newsletter,
BACK_TO_SCHOOL_2024,07/04/2024,626781,8626,1.38%,32852.64,THB,14,Google,,
BACK_TO_SCHOOL_2024,07/05/2024,395998,6391,1.61%,572.24,USD,14,LINE,affiliate,
BACK_TO_SCHOOL_2024,07/05/2024,592349,16755,2.83%,30839.04,THB,13,Google,affiliate,
BACK_TO_SCHOOL_2024,07/06/2024,531500,"16,131",3.03%,27021.96,THB,25,Line,,
BACK_TO_SCHOOL_2024,07/06/2024,718001,17971,2.5%,33835.95,THB,20,google,,
BACK_TO_SCHOOL_2024,07/07/2024,556411,"13,305",2.39%,26433.66,THB,23,Line,,
BACK_TO_SCHOOL_2024,07/07/2024,507051,14828,2.92%,29483.69,THB,28,GOOGLE_ADS,,
BACK_TO_SCHOOL_2024,07/08/2024,604376,10580,1.75%,32272.44,THB,14,line,,
BACK_TO_SCHOOL_2024,07/08/2024,"823,888",8290,1.01%,33895.9,THB,18,google,affiliate,
BACK_TO_SCHOOL_2024,07/09/2024,493549,14020,2.84%,24598.67,THB,17,line,newsletter,
BACK_TO_SCHOOL_2024,07/09/2024,459500,13511,2.94%,28494.74,THB,22,Google,,
BACK_TO_SCHOOL_2024,07/10/2024,514205,16657,3.24%,27862.75,THB,28,LINE,,backfilled
BACK_TO_SCHOOL_2024,07/10/2024,"536,834",9178,1.71%,27060.02,THB,24,google,newsletter,
BACK_TO_SCHOOL_2024,07/11/2024,877405,23846,2.72%,37944.54,THB,19,LINE,,manual adjustment
BACK_TO_SCHOOL_2024,07/11/2024,516873,11292,2.18%,31822.42,THB,22,Google,affiliate,
BACK_TO_SCHOOL_2024,07/12/2024,504082,12040,2.39%,24326.02,THB,15,LINE,,
BACK_TO_SCHOOL_2024,07/12/2024,727389,26761,3.68%,34130.38,THB,17,Google,,
BACK_TO_SCHOOL_2024,07/13/2024,687270,"23,234",3.38%,39549.7,THB,25,line,,
BACK_TO_SCHOOL_2024,07/13/2024,602676,18299,3.04%,34646.09,THB,25,google,newsletter,
BACK_TO_SCHOOL_2024,07/14/2024,451645,11815,2.62%,23162.84,THB,23,line,affiliate,manual adjustment
BACK_TO_SCHOOL_2024,07/14/2024,460989,17376,3.77%,27820.95,THB,18,Google,,
BACK_TO_SCHOOL_2024,07/15/2024,793250,30997,3.91%,35701.1,THB,19,Line,affiliate,backfilled
BACK_TO_SCHOOL_2024,07/15/2024,658233,"13,208",2.01%,26815.49,THB,24,Google,newsletter,manual adjustment
BACK_TO_SCHOOL_2024,07/16/2024,510357,10371,2.03%,31997.19,THB,19,LINE,affiliate,
BACK_TO_SCHOOL_2024,07/16/2024,"752,010",29650,3.94%,33485.85,THB,20,Google,,
BACK_TO_SCHOOL_2024,07/17/2024,484312,15490,3.2%,25828.81,THB,24,Line,,manual adjustment
BACK_TO_SCHOOL_2024,07/17/2024,503288,10064,2.0%,29732.14,THB,31,Google,affiliate,manual adjustment
BACK_TO_SCHOOL_2024,07/18/2024,232494,2984,1.28%,15414.3,THB,18,LINE,,
BACK_TO_SCHOOL_2024,07/18/2024,419270,13282,3.17%,25390.26,THB,18,google,newsletter,backfilled
BACK_TO_SCHOOL_2024,07/19/2024,686409,25273,3.68%,28863.44,THB,26,LINE,newsletter,manual adjustment
BACK_TO_SCHOOL_2024,07/19/2024,463679,17627,3.8%,24384.98,THB,22,Google,affiliate,backfilled
BACK_TO_SCHOOL_2024,07/19/2024,0,0,0%,-4280.81,THB,0,Google,,billing adjustment
BACK_TO_SCHOOL_2024,07/20/2024,884221,9687,1.1%,1023.17,USD,27,line,,
BACK_TO_SCHOOL_2024,07/20/2024,358367,11545,3.22%,23564.36,THB,26,Google,,
BACK_TO_SCHOOL_2024,07/21/2024,636705,7243,1.14%,28019.8,THB,19,LINE,affiliate,
BACK_TO_SCHOOL_2024,07/21/2024,"705,516",8222,1.17%,30588.33,THB,21,GOOGLE_ADS,,
BACK_TO_SCHOOL_2024,07/23/2024,885473,24554,2.77%,36485.73,THB,19,Line,newsletter,manual adjustment
BACK_TO_SCHOOL_2024,07/23/2024,495195,11705,2.36%,23538.62,THB,25,GOOGLE_ADS,,
BACK_TO_SCHOOL_2024,07/24/2024,762425,"22,133",2.9%,35234.24,THB,11,Line,,
BACK_TO_SCHOOL_2024,07/24/2024,500542,12948,2.59%,30046.05,THB,17,Google,,
BACK_TO_SCHOOL_2024,07/25/2024,"458,501",9070,1.98%,25583.21,THB,18,LINE,newsletter,backfilled
BACK_TO_SCHOOL_2024,07/25/2024,734086,"27,037",3.68%,32079.47,THB,16,Google,,
BACK_TO_SCHOOL_2024,07/26/2024,"474,009",17488,3.69%,30895.77,THB,17,Line,,
BACK_TO_SCHOOL_2024,07/26/2024,656425,"22,065",3.36%,27299.02,THB,19,google,,
BACK_TO_SCHOOL_2024,07/27/2024,570458,"6,100",1.07%,30314.11,THB,19,Line,,
BACK_TO_SCHOOL_2024,07/27/2024,434743,10847,2.5%,28266.09,THB,18,GOOGLE_ADS,newsletter,backfilled
BACK_TO_SCHOOL_2024,07/28/2024,466776,11101,2.38%,835.91,USD,17,LINE,,
BACK_TO_SCHOOL_2024,07/28/2024,"824,427",10365,1.26%,32979.59,THB,13,google,,backfilled
BACK_TO_SCHOOL_2024,07/29/2024,901894,26927,2.99%,37137.08,THB,18,Line,,backfilled
BACK_TO_SCHOOL_2024,07/29/2024,415796,"4,881",1.17%,24429.83,THB,18,Google,,backfilled
BACK_TO_SCHOOL_2024,07/30/2024,712963,7656,1.07%,39598.65,THB,17,line,affiliate,
BACK_TO_SCHOOL_2024,07/30/2024,"409,428","7,523",1.84%,21215.6,THB,23,google,affiliate,
FLASH_SALE_JULY_2024,06/21/2024,2773937,69580,2.51%,122154.03,THB,43,line,,
FLASH_SALE_JULY_2024,06/22/2024,2434055,55754,2.29%,136030.95,THB,32,LINE,,
FLASH_SALE_JULY_2024,06/23/2024,"2,426,027",76385,3.15%,130268.6,THB,31,Line,,
FLASH_SALE_JULY_2024,06/24/2024,1881797,71609,3.81%,113324.38,THB,20,LINE,,
FLASH_SALE_JULY_2024,06/25/2024,"3,003,447",107383,3.58%,121097.71,THB,40,line,affiliate,manual adjustment
FLASH_SALE_JULY_2024,06/26/2024,1795511,"43,172",2.4%,115756.23,THB,48,LINE,,
FLASH_SALE_JULY_2024,06/27/2024,2729683,31393,1.15%,113949.41,THB,37,LINE,affiliate,backfilled
NEW_USER_ACQUISITION_Q3,06/01/2024,"517,384",9998,1.93%,22548.81,THB,28,facebook,,manual adjustment
NEW_USER_ACQUISITION_Q3,06/01/2024,504288,9998,1.93%,22548.81,THB,28,facebook,,manual adjustment
NEW_USER_ACQUISITION_Q3,06/01/2024,339526,"13,303",3.92%,21071.05,THB,28,Google,,
NEW_USER_ACQUISITION_Q3,06/02/2024,419242,"16,676",3.98%,17921.27,THB,46,FB,newsletter,
NEW_USER_ACQUISITION_Q3,06/02/2024,451432,13542,3.0%,22698.8,THB,35,google,,backfilled
NEW_USER_ACQUISITION_Q3,06/03/2024,503479,14293,2.84%,20921.9,THB,20,FB,affiliate,
NEW_USER_ACQUISITION_Q3,06/03/2024,539228,19674,3.65%,22438.59,THB,23,Google,,
NEW_USER_ACQUISITION_Q3,06/04/2024,530405,17857,3.37%,21888.89,THB,23,Facebook,,
NEW_USER_ACQUISITION_Q3,06/04/2024,364743,13374,3.67%,17513.01,THB,17,google,affiliate,manual adjustment
NEW_USER_ACQUISITION_Q3,06/06/2024,454560,5960,1.31%,18319.46,THB,18,FB,,
NEW_USER_ACQUISITION_Q3,06/06/2024,411113,"10,482",2.55%,22241.88,THB,18,google,,backfilled
NEW_USER_ACQUISITION_Q3,06/07/2024,469917,9087,1.93%,21831.11,THB,21,Facebook,affiliate,
NEW_USER_ACQUISITION_Q3,06/07/2024,364782,"11,282",3.09%,19937.3,THB,17,google,affiliate,
NEW_USER_ACQUISITION_Q3,06/08/2024,371946,14603,3.93%,20351.98,THB,24,facebook,affiliate,
NEW_USER_ACQUISITION_Q3,06/08/2024,"502,038",7994,1.59%,23832.99,THB,18,google,,
NEW_USER_ACQUISITION_Q3,06/09/2024,376256,5144,1.37%,18225.29,THB,21,facebook,,manual adjustment
NEW_USER_ACQUISITION_Q3,06/09/2024,442799,12462,2.81%,21641.29,THB,19,google,,backfilled
NEW_USER_ACQUISITION_Q3,06/10/2024,"366,615",4862,1.33%,19393.42,THB,16,facebook,,backfilled
NEW_USER_ACQUISITION_Q3,06/10/2024,470063,7282,1.55%,19346.96,THB,17,GOOGLE_ADS,affiliate,
NEW_USER_ACQUISITION_Q3,06/11/2024,410978,4749,1.16%,23296.33,THB,17,facebook,,backfilled
NEW_USER_ACQUISITION_Q3,06/11/2024,"456,230",16403,3.6%,22476.25,THB,21,google,affiliate,
NEW_USER_ACQUISITION_Q3,06/12/2024,"370,579",3860,1.04%,22440.53,THB,16,FB,,
NEW_USER_ACQUISITION_Q3,06/12/2024,504307,18895,3.75%,23916.44,THB,14,GOOGLE_ADS,,
NEW_USER_ACQUISITION_Q3,06/13/2024,318505,9389,2.95%,20063.01,THB,33,facebook,,
NEW_USER_ACQUISITION_Q3,06/13/2024,367524,"8,737",2.38%,604.0,USD,31,google,newsletter,
NEW_USER_ACQUISITION_Q3,06/14/2024,432356,10331,2.39%,19069.2,THB,17,FB,affiliate,
NEW_USER_ACQUISITION_Q3,06/14/2024,513665,17137,3.34%,20972.5,THB,21,GOOGLE_ADS,,
NEW_USER_ACQUISITION_Q3,06/15/2024,378400,11398,3.01%,19609.57,THB,13,FB,,backfilled
NEW_USER_ACQUISITION_Q3,06/15/2024,503385,18973,3.77%,20290.99,THB,14,Google,affiliate,
NEW_USER_ACQUISITION_Q3,06/16/2024,370795,4553,1.23%,21785.47,THB,25,FB,,
NEW_USER_ACQUISITION_Q3,06/16/2024,0,45,N/A,3754.27,THB,0,FB,,tracking anomaly
NEW_USER_ACQUISITION_Q3,06/16/2024,298414,3476,1.16%,17545.34,THB,28,GOOGLE_ADS,newsletter,
NEW_USER_ACQUISITION_Q3,06/17/2024,605663,13355,2.21%,26277.16,THB,20,facebook,,
NEW_USER_ACQUISITION_Q3,06/17/2024,"316,057",5787,1.83%,16981.95,THB,15,GOOGLE_ADS,,
NEW_USER_ACQUISITION_Q3,06/18/2024,350702,6712,1.91%,16357.43,THB,19,facebook,affiliate,backfilled
NEW_USER_ACQUISITION_Q3,06/18/2024,531762,17752,3.34%,23474.33,THB,25,google,,manual adjustment
NEW_USER_ACQUISITION_Q3,06/19/2024,403471,10467,2.59%,22374.99,THB,23,FB,,
NEW_USER_ACQUISITION_Q3,06/19/2024,472975,5582,1.18%,21872.36,THB,21,GOOGLE_ADS,newsletter,manual adjustment
NEW_USER_ACQUISITION_Q3,06/20/2024,383183,"13,040",3.4%,21885.04,THB,14,facebook,newsletter,
NEW_USER_ACQUISITION_Q3,06/20/2024,"439,930","16,737",3.8%,19963.26,THB,18,Google,,backfilled
NEW_USER_ACQUISITION_Q3,06/21/2024,370851,4147,1.12%,17308.24,THB,29,FB,affiliate,
NEW_USER_ACQUISITION_Q3,06/21/2024,463582,5129,1.11%,20227.41,THB,28,Google,affiliate,manual adjustment
NEW_USER_ACQUISITION_Q3,06/22/2024,"426,241",4664,1.09%,17968.51,THB,18,Facebook,,
NEW_USER_ACQUISITION_Q3,06/22/2024,366181,"14,469",3.95%,22925.36,THB,24,GOOGLE_ADS,,
NEW_USER_ACQUISITION_Q3,06/23/2024,297549,4905,1.65%,19558.83,THB,10,FB,newsletter,
NEW_USER_ACQUISITION_Q3,06/23/2024,415391,11417,2.75%,17523.51,THB,10,Google,affiliate,
NEW_USER_ACQUISITION_Q3,06/24/2024,300363,11049,3.68%,19035.84,THB,9,Facebook,,manual adjustment
NEW_USER_ACQUISITION_Q3,06/24/2024,320041,6051,1.89%,21238.79,THB,11,google,affiliate,backfilled
NEW_USER_ACQUISITION_Q3,06/25/2024,402312,5004,1.24%,18308.83,THB,8,Facebook,,
NEW_USER_ACQUISITION_Q3,06/25/2024,"363,245",8556,2.36%,17533.34,THB,10,google,affiliate,backfilled
NEW_USER_ACQUISITION_Q3,06/26/2024,340337,8446,2.48%,20731.06,THB,19,facebook,,
NEW_USER_ACQUISITION_Q3,06/26/2024,0,50,N/A,2777.94,THB,0,facebook,,tracking anomaly
NEW_USER_ACQUISITION_Q3,06/26/2024,382478,13389,3.5%,20734.9,THB,18,GOOGLE_ADS,,backfilled
NEW_USER_ACQUISITION_Q3,06/27/2024,396656,10584,2.67%,18479.17,THB,18,Facebook,,manual adjustment
NEW_USER_ACQUISITION_Q3,06/27/2024,415169,8097,1.95%,18586.89,THB,15,google,affiliate,
NEW_USER_ACQUISITION_Q3,06/28/2024,507282,9033,1.78%,20696.15,THB,14,Facebook,,
NEW_USER_ACQUISITION_Q3,06/28/2024,"283,434",7707,2.72%,428.92,USD,17,Google,affiliate,manual adjustment
NEW_USER_ACQUISITION_Q3,06/29/2024,236929,6097,2.57%,15777.61,THB,22,facebook,affiliate,backfilled
NEW_USER_ACQUISITION_Q3,06/29/2024,375639,"3,953",1.05%,17844.67,THB,20,GOOGLE_ADS,affiliate,backfilled
NEW_USER_ACQUISITION_Q3,07/01/2024,"452,902","11,478",2.53%,19359.66,THB,22,Facebook,,manual adjustment
NEW_USER_ACQUISITION_Q3,07/01/2024,368574,11023,2.99%,20932.72,THB,17,GOOGLE_ADS,,
NEW_USER_ACQUISITION_Q3,07/02/2024,505212,11393,2.26%,24426.07,THB,16,FB,,
NEW_USER_ACQUISITION_Q3,07/02/2024,364439,7092,1.95%,22572.98,THB,20,GOOGLE_ADS,affiliate,
NEW_USER_ACQUISITION_Q3,07/03/2024,310327,7392,2.38%,19520.18,THB,22,Facebook,,backfilled
NEW_USER_ACQUISITION_Q3,07/03/2024,351837,"6,442",1.83%,19942.95,THB,22,google,,backfilled
NEW_USER_ACQUISITION_Q3,07/04/2024,356054,6271,1.76%,16992.41,THB,18,facebook,,
NEW_USER_ACQUISITION_Q3,07/04/2024,387097,11047,2.85%,19944.46,THB,18,google,,
NEW_USER_ACQUISITION_Q3,07/05/2024,462726,14729,3.18%,19134.02,THB,12,facebook,,manual adjustment
NEW_USER_ACQUISITION_Q3,07/05/2024,"354,660",9359,2.64%,20968.16,THB,16,Google,affiliate,backfilled
NEW_USER_ACQUISITION_Q3,07/06/2024,"326,830",11337,3.47%,17518.31,THB,23,Facebook,,
NEW_USER_ACQUISITION_Q3,07/06/2024,412003,"11,177",2.71%,21558.04,THB,24,google,,manual adjustment
NEW_USER_ACQUISITION_Q3,07/07/2024,506910,16523,3.26%,24598.22,THB,21,FB,,backfilled
NEW_USER_ACQUISITION_Q3,07/07/2024,481805,16523,3.26%,24598.22,THB,21,FB,,backfilled
NEW_USER_ACQUISITION_Q3,07/07/2024,315079,3158,1.0%,19673.72,THB,31,google,affiliate,
NEW_USER_ACQUISITION_Q3,07/08/2024,435363,6387,1.47%,21205.14,THB,13,FB,newsletter,backfilled
NEW_USER_ACQUISITION_Q3,07/08/2024,"429,122",13477,3.14%,22070.43,THB,14,GOOGLE_ADS,,manual adjustment
NEW_USER_ACQUISITION_Q3,07/09/2024,292346,7358,2.52%,18796.34,THB,31,FB,newsletter,
NEW_USER_ACQUISITION_Q3,07/09/2024,"344,080",13151,3.82%,20672.28,THB,32,google,,backfilled
NEW_USER_ACQUISITION_Q3,07/10/2024,318865,9192,2.88%,20037.78,THB,15,facebook,affiliate,manual adjustment
NEW_USER_ACQUISITION_Q3,07/10/2024,486587,13061,2.68%,20293.03,THB,16,google,,
NEW_USER_ACQUISITION_Q3,07/11/2024,438532,16958,3.87%,17680.97,THB,13,FB,newsletter,backfilled
NEW_USER_ACQUISITION_Q3,07/11/2024,498530,"16,227",3.25%,20073.53,THB,18,GOOGLE_ADS,newsletter,backfilled
NEW_USER_ACQUISITION_Q3,07/12/2024,369114,12753,3.46%,21493.99,THB,16,Facebook,newsletter,backfilled
NEW_USER_ACQUISITION_Q3,07/12/2024,601948,14648,2.43%,24353.43,THB,17,Google,affiliate,manual adjustment
NEW_USER_ACQUISITION_Q3,07/13/2024,426715,15242,3.57%,22877.81,THB,18,Facebook,affiliate,
NEW_USER_ACQUISITION_Q3,07/13/2024,"645,512",10943,1.7%,26459.55,THB,24,GOOGLE_ADS,,backfilled
NEW_USER_ACQUISITION_Q3,07/14/2024,"435,762","16,305",3.74%,17697.96,THB,25,Facebook,,
NEW_USER_ACQUISITION_Q3,07/14/2024,352628,10841,3.07%,22616.96,THB,21,Google,newsletter,
NEW_USER_ACQUISITION_Q3,07/15/2024,326167,10282,3.15%,20550.03,THB,9,Facebook,,backfilled
NEW_USER_ACQUISITION_Q3,07/15/2024,"570,757",7847,1.37%,26569.41,THB,13,Google,affiliate,
NEW_USER_ACQUISITION_Q3,07/16/2024,416025,6151,1.48%,17575.11,THB,17,facebook,affiliate,
NEW_USER_ACQUISITION_Q3,07/16/2024,317902,4908,1.54%,17480.83,THB,11,Google,newsletter,
NEW_USER_ACQUISITION_Q3,07/17/2024,303415,11793,3.89%,18201.82,THB,22,Facebook,affiliate,
NEW_USER_ACQUISITION_Q3,07/17/2024,326681,10227,3.13%,13628.31,THB,23,GOOGLE_ADS,newsletter,
NEW_USER_ACQUISITION_Q3,07/18/2024,"381,333",11256,2.95%,18422.73,THB,27,FB,newsletter,manual adjustment
NEW_USER_ACQUISITION_Q3,07/18/2024,"289,277",7986,2.76%,17722.6,THB,20,GOOGLE_ADS,affiliate,
NEW_USER_ACQUISITION_Q3,07/19/2024,493981,"15,061",3.05%,20451.18,THB,20,Facebook,,backfilled
NEW_USER_ACQUISITION_Q3,07/19/2024,338732,3928,1.16%,21025.27,THB,22,GOOGLE_ADS,,
NEW_USER_ACQUISITION_Q3,07/20/2024,548500,12992,2.37%,25628.51,THB,22,FB,,
NEW_USER_ACQUISITION_Q3,07/20/2024,537456,"17,911",3.33%,22851.27,THB,20,google,,
NEW_USER_ACQUISITION_Q3,07/21/2024,"280,713",6656,2.37%,18269.29,THB,15,facebook,,manual adjustment
NEW_USER_ACQUISITION_Q3,07/21/2024,387180,15216,3.93%,17304.76,THB,15,google,newsletter,
NEW_USER_ACQUISITION_Q3,07/23/2024,339003,12215,3.6%,21475.76,THB,19,Facebook,newsletter,backfilled
NEW_USER_ACQUISITION_Q3,07/23/2024,369189,4260,1.15%,16039.3,THB,20,Google,,
NEW_USER_ACQUISITION_Q3,07/24/2024,553285,"11,761",2.13%,25494.38,THB,15,Facebook,,manual adjustment
NEW_USER_ACQUISITION_Q3,07/24/2024,482433,11042,2.29%,23538.32,THB,17,google,,
NEW_USER_ACQUISITION_Q3,07/25/2024,318913,4756,1.49%,18592.47,THB,24,facebook,newsletter,
NEW_USER_ACQUISITION_Q3,07/25/2024,312926,5645,1.8%,14860.6,THB,23,GOOGLE_ADS,,
NEW_USER_ACQUISITION_Q3,07/26/2024,427154,14569,3.41%,24061.62,THB,24,FB,affiliate,backfilled
NEW_USER_ACQUISITION_Q3,07/26/2024,"296,197",11792,3.98%,19656.38,THB,18,GOOGLE_ADS,,
NEW_USER_ACQUISITION_Q3,07/27/2024,399392,10353,2.59%,23713.45,THB,36,Facebook,newsletter,
NEW_USER_ACQUISITION_Q3,07/27/2024,0,9,N/A,7014.63,THB,0,Facebook,,tracking anomaly
NEW_USER_ACQUISITION_Q3,07/27/2024,355121,10935,3.08%,416.9,USD,37,GOOGLE_ADS,,
NEW_USER_ACQUISITION_Q3,07/28/2024,374515,14187,3.79%,18201.87,THB,23,Facebook,,
NEW_USER_ACQUISITION_Q3,07/28/2024,368581,4304,1.17%,20015.73,THB,23,Google,,
NEW_USER_ACQUISITION_Q3,07/29/2024,325527,8984,2.76%,20140.94,THB,19,FB,newsletter,
NEW_USER_ACQUISITION_Q3,07/29/2024,"365,866",6467,1.77%,18649.8,THB,17,Google,,manual adjustment
NEW_USER_ACQUISITION_Q3,07/30/2024,"348,726",7586,2.18%,21868.55,THB,21,FB,affiliate,
NEW_USER_ACQUISITION_Q3,07/30/2024,410573,7634,1.86%,16797.14,THB,19,Google,affiliate,
NEW_USER_ACQUISITION_Q3,07/31/2024,458405,12949,2.82%,19572.86,THB,12,facebook,,manual adjustment
NEW_USER_ACQUISITION_Q3,07/31/2024,355987,5077,1.43%,20360.89,THB,12,Google,,
NEW_USER_ACQUISITION_Q3,08/01/2024,387377,8737,2.26%,21543.32,THB,23,facebook,,
NEW_USER_ACQUISITION_Q3,08/01/2024,"389,729",4737,1.22%,606.43,USD,26,Google,,
NEW_USER_ACQUISITION_Q3,08/02/2024,334854,5526,1.65%,16626.07,THB,18,Facebook,,
NEW_USER_ACQUISITION_Q3,08/02/2024,245836,8733,3.55%,15397.66,THB,16,google,,
NEW_USER_ACQUISITION_Q3,08/03/2024,488802,6106,1.25%,23833.03,THB,18,Facebook,,backfilled
NEW_USER_ACQUISITION_Q3,08/03/2024,453941,8107,1.79%,20996.94,THB,14,google,,backfilled
NEW_USER_ACQUISITION_Q3,08/04/2024,304430,8474,2.78%,17754.54,THB,18,facebook,affiliate,manual adjustment
NEW_USER_ACQUISITION_Q3,08/04/2024,573292,11123,1.94%,24653.46,THB,21,Google,,
NEW_USER_ACQUISITION_Q3,08/05/2024,368197,6510,1.77%,20347.02,THB,16,facebook,,
NEW_USER_ACQUISITION_Q3,08/05/2024,501106,19905,3.97%,23537.89,THB,18,Google,,
NEW_USER_ACQUISITION_Q3,08/06/2024,480945,"13,367",2.78%,20202.56,THB,21,facebook,affiliate,manual adjustment
NEW_USER_ACQUISITION_Q3,08/06/2024,"520,407","10,003",1.92%,26182.24,THB,19,Google,newsletter,manual adjustment
NEW_USER_ACQUISITION_Q3,08/07/2024,460253,7053,1.53%,25266.02,THB,16,FB,,
NEW_USER_ACQUISITION_Q3,08/07/2024,444459,16472,3.71%,19253.11,THB,21,GOOGLE_ADS,newsletter,
NEW_USER_ACQUISITION_Q3,08/08/2024,350022,5037,1.44%,22914.71,THB,16,facebook,,
NEW_USER_ACQUISITION_Q3,08/08/2024,506672,"11,953",2.36%,21936.13,THB,19,Google,newsletter,
NEW_USER_ACQUISITION_Q3,08/09/2024,549368,9097,1.66%,24105.89,THB,20,FB,,
NEW_USER_ACQUISITION_Q3,08/09/2024,283419,8508,3.0%,17105.23,THB,20,GOOGLE_ADS,affiliate,manual adjustment
NEW_USER_ACQUISITION_Q3,08/10/2024,459325,"17,029",3.71%,22058.15,THB,21,FB,,
NEW_USER_ACQUISITION_Q3,08/10/2024,"351,736","10,135",2.88%,23175.27,THB,28,Google,affiliate,
NEW_USER_ACQUISITION_Q3,08/11/2024,321697,4924,1.53%,14723.78,THB,22,FB,,
NEW_USER_ACQUISITION_Q3,08/11/2024,"256,857","10,239",3.99%,16450.22,THB,18,Google,,backfilled
NEW_USER_ACQUISITION_Q3,08/12/2024,315249,11703,3.71%,380.34,USD,21,Facebook,affiliate,
NEW_USER_ACQUISITION_Q3,08/12/2024,"312,268",11703,3.71%,380.34,USD,21,Facebook,affiliate,
NEW_USER_ACQUISITION_Q3,08/12/2024,"446,956",11051,2.47%,19191.78,THB,21,GOOGLE_ADS,,
NEW_USER_ACQUISITION_Q3,08/13/2024,497155,"11,120",2.24%,22152.63,THB,14,FB,affiliate,manual adjustment
NEW_USER_ACQUISITION_Q3,08/13/2024,"525,832","10,993",2.09%,24507.07,THB,17,GOOGLE_ADS,,
NEW_USER_ACQUISITION_Q3,08/14/2024,"403,449",10455,2.59%,20222.28,THB,22,Facebook,newsletter,
NEW_USER_ACQUISITION_Q3,08/14/2024,444964,6093,1.37%,24885.85,THB,20,GOOGLE_ADS,,
NEW_USER_ACQUISITION_Q3,08/15/2024,"268,989",3239,1.2%,15859.7,THB,27,facebook,,
NEW_USER_ACQUISITION_Q3,08/15/2024,286786,8492,2.96%,14889.85,THB,26,google,newsletter,
NEW_USER_ACQUISITION_Q3,08/15/2024,0,27,N/A,3855.98,THB,0,google,,tracking anomaly
NEW_USER_ACQUISITION_Q3,08/16/2024,"429,711",10988,2.56%,19833.36,THB,18,Facebook,affiliate,
NEW_USER_ACQUISITION_Q3,08/16/2024,"353,755","5,241",1.48%,21152.2,THB,21,GOOGLE_ADS,affiliate,
NEW_USER_ACQUISITION_Q3,08/17/2024,436893,16060,3.68%,19901.92,THB,19,Facebook,,
NEW_USER_ACQUISITION_Q3,08/17/2024,"210,998",4922,2.33%,378.02,USD,14,GOOGLE_ADS,newsletter,
NEW_USER_ACQUISITION_Q3,08/18/2024,"362,453",7758,2.14%,19732.64,THB,17,facebook,,
NEW_USER_ACQUISITION_Q3,08/18/2024,"378,552",4737,1.25%,16086.59,THB,20,GOOGLE_ADS,,manual adjustment
NEW_USER_ACQUISITION_Q3,08/19/2024,529669,18263,3.45%,22009.02,THB,20,Facebook,affiliate,
NEW_USER_ACQUISITION_Q3,08/19/2024,401126,15284,3.81%,21099.79,THB,15,google,affiliate,
NEW_USER_ACQUISITION_Q3,08/20/2024,419787,13942,3.32%,17180.36,THB,20,Facebook,,manual adjustment
NEW_USER_ACQUISITION_Q3,08/20/2024,407642,7426,1.82%,18458.4,THB,25,Google,,manual adjustment
NEW_USER_ACQUISITION_Q3,08/21/2024,389523,7665,1.97%,16822.36,THB,31,Facebook,,
NEW_USER_ACQUISITION_Q3,08/21/2024,417459,9576,2.29%,19811.96,THB,26,Google,,
NEW_USER_ACQUISITION_Q3,08/22/2024,"362,798","3,858",1.06%,22865.43,THB,20,Facebook,newsletter,
NEW_USER_ACQUISITION_Q3,08/22/2024,372749,"3,858",1.06%,22865.43,THB,20,Facebook,newsletter,
NEW_USER_ACQUISITION_Q3,08/22/2024,374921,"6,852",1.83%,17042.82,THB,20,google,,
NEW_USER_ACQUISITION_Q3,08/23/2024,"385,177",6083,1.58%,21512.14,THB,17,FB,affiliate,manual adjustment
NEW_USER_ACQUISITION_Q3,08/23/2024,331040,3569,1.08%,18409.23,THB,18,google,,
NEW_USER_ACQUISITION_Q3,08/24/2024,287470,11457,3.99%,17621.38,THB,19,Facebook,,
NEW_USER_ACQUISITION_Q3,08/24/2024,433851,14820,3.42%,19678.91,THB,16,google,,
NEW_USER_ACQUISITION_Q3,08/25/2024,342485,3841,1.12%,16894.27,THB,27,facebook,,
NEW_USER_ACQUISITION_Q3,08/25/2024,"400,324",9186,2.29%,18339.05,THB,30,Google,,
NEW_USER_ACQUISITION_Q3,08/26/2024,364777,13279,3.64%,16406.37,THB,35,Facebook,newsletter,
NEW_USER_ACQUISITION_Q3,08/26/2024,408378,15408,3.77%,25894.18,THB,33,GOOGLE_ADS,affiliate,manual adjustment
NEW_USER_ACQUISITION_Q3,08/27/2024,"362,073","6,600",1.82%,20105.79,THB,27,FB,,
NEW_USER_ACQUISITION_Q3,08/27/2024,0,28,N/A,3314.52,THB,0,FB,,tracking anomaly
NEW_USER_ACQUISITION_Q3,08/27/2024,286418,"7,393",2.58%,17900.82,THB,18,Google,affiliate,
NEW_USER_ACQUISITION_Q3,08/28/2024,313549,7565,2.41%,20641.94,THB,29,facebook,,
NEW_USER_ACQUISITION_Q3,08/28/2024,378185,7009,1.85%,19663.02,THB,32,GOOGLE_ADS,,
NEW_USER_ACQUISITION_Q3,08/29/2024,464161,15130,3.26%,19337.09,THB,28,Facebook,newsletter,backfilled
NEW_USER_ACQUISITION_Q3,08/29/2024,411350,14334,3.48%,21842.5,THB,27,google,,
MEMBER_EXCLUSIVE_AUG_2024,07/31/2024,"626,164",14837,2.37%,33408.78,THB,9,LINE,newsletter,
MEMBER_EXCLUSIVE_AUG_2024,07/31/2024,517880,19401,3.75%,27612.74,THB,8,Facebook,,backfilled
MEMBER_EXCLUSIVE_AUG_2024,07/31/2024,603023,"12,503",2.07%,27408.82,THB,8,google,,
MEMBER_EXCLUSIVE_AUG_2024,08/01/2024,515245,8233,1.6%,28762.27,THB,19,line,,
MEMBER_EXCLUSIVE_AUG_2024,08/01/2024,472290,9132,1.93%,19641.35,THB,15,facebook,,
MEMBER_EXCLUSIVE_AUG_2024,08/01/2024,551827,16078,2.91%,635.11,USD,13,google,affiliate,
MEMBER_EXCLUSIVE_AUG_2024,08/02/2024,768427,22811,2.97%,36150.93,THB,8,LINE,affiliate,backfilled
MEMBER_EXCLUSIVE_AUG_2024,08/02/2024,570686,17318,3.03%,37402.35,THB,10,Facebook,,manual adjustment
MEMBER_EXCLUSIVE_AUG_2024,08/02/2024,599117,17318,3.03%,37402.35,THB,10,Facebook,,manual adjustment
MEMBER_EXCLUSIVE_AUG_2024,08/02/2024,656734,17818,2.71%,28879.34,THB,9,google,,manual adjustment
MEMBER_EXCLUSIVE_AUG_2024,08/03/2024,766978,13771,1.8%,32594.51,THB,13,Line,,
MEMBER_EXCLUSIVE_AUG_2024,08/03/2024,507791,12135,2.39%,31400.63,THB,14,facebook,,
MEMBER_EXCLUSIVE_AUG_2024,08/03/2024,772021,"23,161",3.0%,43854.96,THB,12,GOOGLE_ADS,affiliate,backfilled
MEMBER_EXCLUSIVE_AUG_2024,08/04/2024,827957,20493,2.48%,959.95,USD,14,Line,newsletter,
MEMBER_EXCLUSIVE_AUG_2024,08/04/2024,570287,15390,2.7%,29424.37,THB,16,Facebook,affiliate,backfilled
MEMBER_EXCLUSIVE_AUG_2024,08/04/2024,"528,195",8818,1.67%,25700.07,THB,12,GOOGLE_ADS,newsletter,
MEMBER_EXCLUSIVE_AUG_2024,08/05/2024,457427,5464,1.19%,22770.99,THB,20,LINE,,manual adjustment
MEMBER_EXCLUSIVE_AUG_2024,08/05/2024,523337,11943,2.28%,30915.59,THB,17,facebook,newsletter,
MEMBER_EXCLUSIVE_AUG_2024,08/05/2024,595296,23636,3.97%,26596.42,THB,16,GOOGLE_ADS,,
MEMBER_EXCLUSIVE_AUG_2024,08/06/2024,570886,17763,3.11%,23599.86,THB,12,line,affiliate,
MEMBER_EXCLUSIVE_AUG_2024,08/06/2024,"671,170",14327,2.13%,27090.42,THB,13,facebook,newsletter,
MEMBER_EXCLUSIVE_AUG_2024,08/06/2024,544572,11544,2.12%,25133.03,THB,12,GOOGLE_ADS,,
MEMBER_EXCLUSIVE_AUG_2024,08/08/2024,787374,12802,1.63%,37592.14,THB,16,line,,backfilled
MEMBER_EXCLUSIVE_AUG_2024,08/08/2024,706983,11372,1.61%,33967.38,THB,17,FB,,manual adjustment
MEMBER_EXCLUSIVE_AUG_2024,08/08/2024,678220,23171,3.42%,29964.12,THB,13,GOOGLE_ADS,,backfilled
MEMBER_EXCLUSIVE_AUG_2024,08/09/2024,642610,"14,036",2.18%,36659.75,THB,15,Line,,backfilled
MEMBER_EXCLUSIVE_AUG_2024,08/09/2024,740544,19161,2.59%,30348.16,THB,13,Facebook,affiliate,
MEMBER_EXCLUSIVE_AUG_2024,08/09/2024,"595,987","14,169",2.38%,26124.22,THB,17,Google,,
MEMBER_EXCLUSIVE_AUG_2024,08/10/2024,754515,12274,1.63%,36854.06,THB,10,LINE,,manual adjustment
MEMBER_EXCLUSIVE_AUG_2024,08/10/2024,"804,809",14480,1.8%,32425.1,THB,10,FB,,
MEMBER_EXCLUSIVE_AUG_2024,08/10/2024,"413,136",11316,2.74%,25332.39,THB,9,GOOGLE_ADS,,backfilled
MEMBER_EXCLUSIVE_AUG_2024,08/11/2024,532408,"16,508",3.1%,29143.48,THB,16,Line,newsletter,backfilled
MEMBER_EXCLUSIVE_AUG_2024,08/11/2024,616415,7119,1.15%,713.96,USD,17,FB,,
MEMBER_EXCLUSIVE_AUG_2024,08/11/2024,442155,8470,1.92%,23777.4,THB,16,GOOGLE_ADS,,
MEMBER_EXCLUSIVE_AUG_2024,08/12/2024,627520,8516,1.36%,34167.8,THB,15,LINE,affiliate,
MEMBER_EXCLUSIVE_AUG_2024,08/12/2024,718915,27207,3.78%,38592.37,THB,15,facebook,newsletter,backfilled
MEMBER_EXCLUSIVE_AUG_2024,08/12/2024,412239,9149,2.22%,23706.45,THB,16,GOOGLE_ADS,affiliate,manual adjustment
MEMBER_EXCLUSIVE_AUG_2024,08/13/2024,801942,20287,2.53%,32533.36,THB,15,LINE,newsletter,
MEMBER_EXCLUSIVE_AUG_2024,08/13/2024,666474,"23,765",3.57%,27072.11,THB,20,Facebook,affiliate,manual adjustment
MEMBER_EXCLUSIVE_AUG_2024,08/13/2024,"592,905",17234,2.91%,27807.94,THB,17,google,,backfilled
MEMBER_EXCLUSIVE_AUG_2024,08/14/2024,652658,11258,1.72%,27334.23,THB,8,LINE,newsletter,
MEMBER_EXCLUSIVE_AUG_2024,08/14/2024,423981,16265,3.84%,26112.04,THB,7,FB,,
MEMBER_EXCLUSIVE_AUG_2024,08/14/2024,661040,16627,2.52%,30218.35,THB,10,google,,
MEMBER_EXCLUSIVE_AUG_2024,08/15/2024,637246,8106,1.27%,26260.72,THB,16,line,,
MEMBER_EXCLUSIVE_AUG_2024,08/15/2024,"693,905",8664,1.25%,31217.06,THB,16,FB,newsletter,backfilled
MEMBER_EXCLUSIVE_AUG_2024,08/15/2024,673563,11513,1.71%,29773.93,THB,19,GOOGLE_ADS,,
MEMBER_EXCLUSIVE_AUG_2024,08/16/2024,579867,21668,3.74%,28924.73,THB,12,line,affiliate,
MEMBER_EXCLUSIVE_AUG_2024,08/16/2024,0,0,0%,-4515.09,THB,0,line,,billing adjustment
MEMBER_EXCLUSIVE_AUG_2024,08/16/2024,406840,13262,3.26%,25915.96,THB,12,Facebook,affiliate,manual adjustment
MEMBER_EXCLUSIVE_AUG_2024,08/16/2024,597931,7730,1.29%,27404.53,THB,15,GOOGLE_ADS,newsletter,
MEMBER_EXCLUSIVE_AUG_2024,08/17/2024,630592,19128,3.03%,33399.26,THB,7,LINE,,
MEMBER_EXCLUSIVE_AUG_2024,08/17/2024,683648,20240,2.96%,32254.13,THB,8,FB,,
MEMBER_EXCLUSIVE_AUG_2024,08/17/2024,390906,11478,2.94%,25601.0,THB,7,GOOGLE_ADS,,
MEMBER_EXCLUSIVE_AUG_2024,08/18/2024,531327,16678,3.14%,30447.0,THB,12,Line,affiliate,manual adjustment
MEMBER_EXCLUSIVE_AUG_2024,08/18/2024,567574,9219,1.62%,33381.24,THB,13,Facebook,,backfilled
MEMBER_EXCLUSIVE_AUG_2024,08/18/2024,492256,7077,1.44%,616.1,USD,14,GOOGLE_ADS,,
MEMBER_EXCLUSIVE_AUG_2024,08/19/2024,541299,18444,3.41%,888.91,USD,11,Line,,
MEMBER_EXCLUSIVE_AUG_2024,08/19/2024,519384,8233,1.59%,27018.19,THB,10,Facebook,,backfilled
MEMBER_EXCLUSIVE_AUG_2024,08/19/2024,497340,16957,3.41%,32567.69,THB,11,google,,
MEMBER_EXCLUSIVE_AUG_2024,08/20/2024,529314,16924,3.2%,26565.33,THB,12,LINE,,backfilled
MEMBER_EXCLUSIVE_AUG_2024,08/20/2024,405622,15950,3.93%,21878.03,THB,13,Facebook,,
MEMBER_EXCLUSIVE_AUG_2024,08/20/2024,455456,6922,1.52%,22676.06,THB,15,google,,
MEMBER_EXCLUSIVE_AUG_2024,08/21/2024,"675,045","12,802",1.9%,30216.38,THB,14,Line,newsletter,
MEMBER_EXCLUSIVE_AUG_2024,08/21/2024,727970,11003,1.51%,31168.75,THB,13,facebook,affiliate,
MEMBER_EXCLUSIVE_AUG_2024,08/21/2024,"629,733",20046,3.18%,25930.58,THB,15,Google,affiliate,manual adjustment
MEMBER_EXCLUSIVE_AUG_2024,08/22/2024,"710,080","22,629",3.19%,32873.67,THB,17,Line,,manual adjustment
MEMBER_EXCLUSIVE_AUG_2024,08/22/2024,384777,5184,1.35%,22523.16,THB,14,Facebook,,manual adjustment
MEMBER_EXCLUSIVE_AUG_2024,08/22/2024,483387,12846,2.66%,29702.64,THB,18,Google,affiliate,
MEMBER_EXCLUSIVE_AUG_2024,08/23/2024,496956,16584,3.34%,24550.43,THB,8,LINE,,
MEMBER_EXCLUSIVE_AUG_2024,08/23/2024,569170,"11,844",2.08%,27066.74,THB,9,FB,,
MEMBER_EXCLUSIVE_AUG_2024,08/23/2024,546430,16688,3.05%,30213.29,THB,10,Google,,
MEMBER_EXCLUSIVE_AUG_2024,08/24/2024,495481,11594,2.34%,26128.14,THB,9,line,affiliate,manual adjustment
MEMBER_EXCLUSIVE_AUG_2024,08/24/2024,580359,17540,3.02%,28269.5,THB,13,Facebook,newsletter,
MEMBER_EXCLUSIVE_AUG_2024,08/24/2024,547024,"18,534",3.39%,34528.32,THB,12,Google,,backfilled
